target_dataset,distance,chain,n_datasets_in_training,target_n_questions,n_anchors_per_dataset,n_base_datasets,cost_full_eval_target,cost_fixed_target_anchors,cost_concurrent_all_anchors,concurrent_n_items,concurrent_n_anchors,concurrent_best_dimension,concurrent_training_time_sec,concurrent_cumulative_chain_time,concurrent_min_anchors_per_eval_dataset,concurrent_new_model_old_data_n_models,concurrent_new_model_old_data_n_datasets,concurrent_new_model_old_data_anchor_error_mean,concurrent_new_model_old_data_anchor_error_std,concurrent_new_model_old_data_irt_error_mean,concurrent_new_model_old_data_irt_error_std,concurrent_new_model_old_data_gp_irt_error_mean,concurrent_new_model_old_data_gp_irt_error_std,concurrent_new_model_old_data_pirt_error_mean,concurrent_new_model_old_data_pirt_error_std,concurrent_new_model_old_data_true_perf_mean,concurrent_new_model_old_data_true_perf_std,concurrent_new_model_old_data_random_gp_irt_error_mean,concurrent_new_model_old_data_random_gp_irt_error_std,concurrent_new_model_old_data_simple_random_error_mean,concurrent_new_model_old_data_simple_random_error_std,concurrent_new_model_old_data_pooled_simple_random_error_mean,concurrent_new_model_old_data_pooled_simple_random_error_std,concurrent_new_model_old_data_n_pooled_anchors,concurrent_new_model_old_data_per_dataset_errors,concurrent_new_model_old_data_pooled_random_irt_anchor_error_mean,concurrent_new_model_old_data_pooled_random_irt_anchor_error_std,concurrent_new_model_old_data_pooled_random_irt_irt_error_mean,concurrent_new_model_old_data_pooled_random_irt_irt_error_std,concurrent_new_model_old_data_pooled_random_irt_gp_irt_error_mean,concurrent_new_model_old_data_pooled_random_irt_gp_irt_error_std,concurrent_new_model_old_data_pooled_random_irt_pirt_error_mean,concurrent_new_model_old_data_pooled_random_irt_pirt_error_std,concurrent_new_model_old_data_n_pooled_random_anchors,concurrent_new_model_old_data_pooled_irt_anchor_error_mean,concurrent_new_model_old_data_pooled_irt_anchor_error_std,concurrent_new_model_old_data_pooled_irt_irt_error_mean,concurrent_new_model_old_data_pooled_irt_irt_error_std,concurrent_new_model_old_data_pooled_irt_gp_irt_error_mean,concurrent_new_model_old_data_pooled_irt_gp_irt_error_std,concurrent_new_model_old_data_pooled_irt_pirt_error_mean,concurrent_new_model_old_data_pooled_irt_pirt_error_std,concurrent_new_model_old_data_proportional_irt_anchor_error_mean,concurrent_new_model_old_data_proportional_irt_anchor_error_std,concurrent_new_model_old_data_proportional_irt_irt_error_mean,concurrent_new_model_old_data_proportional_irt_irt_error_std,concurrent_new_model_old_data_proportional_irt_gp_irt_error_mean,concurrent_new_model_old_data_proportional_irt_gp_irt_error_std,concurrent_new_model_old_data_proportional_irt_pirt_error_mean,concurrent_new_model_old_data_proportional_irt_pirt_error_std,concurrent_new_model_old_data_n_proportional_anchors,concurrent_new_model_old_data_allocation,concurrent_new_model_old_data_proportional_random_error_mean,concurrent_new_model_old_data_proportional_random_error_std,concurrent_new_model_old_data_proportional_random_irt_anchor_error_mean,concurrent_new_model_old_data_proportional_random_irt_anchor_error_std,concurrent_new_model_old_data_proportional_random_irt_irt_error_mean,concurrent_new_model_old_data_proportional_random_irt_irt_error_std,concurrent_new_model_old_data_proportional_random_irt_gp_irt_error_mean,concurrent_new_model_old_data_proportional_random_irt_gp_irt_error_std,concurrent_new_model_old_data_proportional_random_irt_pirt_error_mean,concurrent_new_model_old_data_proportional_random_irt_pirt_error_std,concurrent_new_model_old_data_n_proportional_random_anchors,fixed_n_items,fixed_n_anchors,fixed_best_dimension,fixed_training_time_sec,fixed_cumulative_chain_time,fixed_min_anchors_per_eval_dataset,fixed_new_model_new_data_n_models,fixed_new_model_new_data_anchor_error_mean,fixed_new_model_new_data_anchor_error_std,fixed_new_model_new_data_irt_error_mean,fixed_new_model_new_data_irt_error_std,fixed_new_model_new_data_gp_irt_error_mean,fixed_new_model_new_data_gp_irt_error_std,fixed_new_model_new_data_pirt_error_mean,fixed_new_model_new_data_pirt_error_std,fixed_new_model_new_data_true_perf_mean,fixed_new_model_new_data_true_perf_std,fixed_old_model_new_data_n_models,fixed_old_model_new_data_anchor_error_mean,fixed_old_model_new_data_anchor_error_std,fixed_old_model_new_data_irt_error_mean,fixed_old_model_new_data_irt_error_std,fixed_old_model_new_data_gp_irt_error_mean,fixed_old_model_new_data_gp_irt_error_std,fixed_old_model_new_data_pirt_error_mean,fixed_old_model_new_data_pirt_error_std,fixed_old_model_new_data_true_perf_mean,fixed_old_model_new_data_true_perf_std,fixed_new_model_old_data_n_models,fixed_new_model_old_data_n_datasets,fixed_new_model_old_data_anchor_error_mean,fixed_new_model_old_data_anchor_error_std,fixed_new_model_old_data_irt_error_mean,fixed_new_model_old_data_irt_error_std,fixed_new_model_old_data_gp_irt_error_mean,fixed_new_model_old_data_gp_irt_error_std,fixed_new_model_old_data_pirt_error_mean,fixed_new_model_old_data_pirt_error_std,fixed_new_model_old_data_true_perf_mean,fixed_new_model_old_data_true_perf_std,fixed_n_seeds,fixed_n_random_questions,fixed_random_anchor_error_mean,fixed_random_anchor_error_std,fixed_random_irt_error_mean,fixed_random_irt_error_std,fixed_random_gp_irt_error_mean,fixed_random_gp_irt_error_std,fixed_random_pirt_error_mean,fixed_random_pirt_error_std,fixed_simple_random_error_mean,fixed_simple_random_error_std,fixed_simple_random_prediction_mean,fixed_simple_random_true_perf_mean,fixed_old_model_new_data_n_seeds,fixed_old_model_new_data_n_random_questions,fixed_old_model_new_data_random_anchor_error_mean,fixed_old_model_new_data_random_anchor_error_std,fixed_old_model_new_data_random_irt_error_mean,fixed_old_model_new_data_random_irt_error_std,fixed_old_model_new_data_random_gp_irt_error_mean,fixed_old_model_new_data_random_gp_irt_error_std,fixed_old_model_new_data_random_pirt_error_mean,fixed_old_model_new_data_random_pirt_error_std,fixed_old_model_new_data_simple_random_error_mean,fixed_old_model_new_data_simple_random_error_std,fixed_old_model_new_data_simple_random_prediction_mean,fixed_old_model_new_data_simple_random_true_perf_mean,fixed_new_model_old_data_random_gp_irt_error_mean,fixed_new_model_old_data_random_gp_irt_error_std,fixed_new_model_old_data_simple_random_error_mean,fixed_new_model_old_data_simple_random_error_std,fixed_new_model_old_data_pooled_simple_random_error_mean,fixed_new_model_old_data_pooled_simple_random_error_std,fixed_new_model_old_data_n_pooled_anchors,fixed_new_model_old_data_per_dataset_errors,fixed_new_model_old_data_pooled_random_irt_anchor_error_mean,fixed_new_model_old_data_pooled_random_irt_anchor_error_std,fixed_new_model_old_data_pooled_random_irt_irt_error_mean,fixed_new_model_old_data_pooled_random_irt_irt_error_std,fixed_new_model_old_data_pooled_random_irt_gp_irt_error_mean,fixed_new_model_old_data_pooled_random_irt_gp_irt_error_std,fixed_new_model_old_data_pooled_random_irt_pirt_error_mean,fixed_new_model_old_data_pooled_random_irt_pirt_error_std,fixed_new_model_old_data_n_pooled_random_anchors,fixed_new_model_old_data_pooled_irt_anchor_error_mean,fixed_new_model_old_data_pooled_irt_anchor_error_std,fixed_new_model_old_data_pooled_irt_irt_error_mean,fixed_new_model_old_data_pooled_irt_irt_error_std,fixed_new_model_old_data_pooled_irt_gp_irt_error_mean,fixed_new_model_old_data_pooled_irt_gp_irt_error_std,fixed_new_model_old_data_pooled_irt_pirt_error_mean,fixed_new_model_old_data_pooled_irt_pirt_error_std,fixed_new_model_old_data_proportional_irt_anchor_error_mean,fixed_new_model_old_data_proportional_irt_anchor_error_std,fixed_new_model_old_data_proportional_irt_irt_error_mean,fixed_new_model_old_data_proportional_irt_irt_error_std,fixed_new_model_old_data_proportional_irt_gp_irt_error_mean,fixed_new_model_old_data_proportional_irt_gp_irt_error_std,fixed_new_model_old_data_proportional_irt_pirt_error_mean,fixed_new_model_old_data_proportional_irt_pirt_error_std,fixed_new_model_old_data_n_proportional_anchors,fixed_new_model_old_data_allocation,fixed_new_model_old_data_proportional_random_error_mean,fixed_new_model_old_data_proportional_random_error_std,fixed_new_model_old_data_proportional_random_irt_anchor_error_mean,fixed_new_model_old_data_proportional_random_irt_anchor_error_std,fixed_new_model_old_data_proportional_random_irt_irt_error_mean,fixed_new_model_old_data_proportional_random_irt_irt_error_std,fixed_new_model_old_data_proportional_random_irt_gp_irt_error_mean,fixed_new_model_old_data_proportional_random_irt_gp_irt_error_std,fixed_new_model_old_data_proportional_random_irt_pirt_error_mean,fixed_new_model_old_data_proportional_random_irt_pirt_error_std,fixed_new_model_old_data_n_proportional_random_anchors,fixed_n_test_models,fixed_anchor_error_mean,fixed_anchor_error_std,fixed_irt_error_mean,fixed_irt_error_std,fixed_gp_irt_error_mean,fixed_gp_irt_error_std,fixed_pirt_error_mean,fixed_pirt_error_std,fixed_true_performance_mean,fixed_true_performance_std,concurrent_new_model_new_data_n_models,concurrent_new_model_new_data_anchor_error_mean,concurrent_new_model_new_data_anchor_error_std,concurrent_new_model_new_data_irt_error_mean,concurrent_new_model_new_data_irt_error_std,concurrent_new_model_new_data_gp_irt_error_mean,concurrent_new_model_new_data_gp_irt_error_std,concurrent_new_model_new_data_pirt_error_mean,concurrent_new_model_new_data_pirt_error_std,concurrent_new_model_new_data_true_perf_mean,concurrent_new_model_new_data_true_perf_std,concurrent_old_model_new_data_n_models,concurrent_old_model_new_data_anchor_error_mean,concurrent_old_model_new_data_anchor_error_std,concurrent_old_model_new_data_irt_error_mean,concurrent_old_model_new_data_irt_error_std,concurrent_old_model_new_data_gp_irt_error_mean,concurrent_old_model_new_data_gp_irt_error_std,concurrent_old_model_new_data_pirt_error_mean,concurrent_old_model_new_data_pirt_error_std,concurrent_old_model_new_data_true_perf_mean,concurrent_old_model_new_data_true_perf_std,concurrent_n_seeds,concurrent_n_random_questions,concurrent_random_anchor_error_mean,concurrent_random_anchor_error_std,concurrent_random_irt_error_mean,concurrent_random_irt_error_std,concurrent_random_gp_irt_error_mean,concurrent_random_gp_irt_error_std,concurrent_random_pirt_error_mean,concurrent_random_pirt_error_std,concurrent_simple_random_error_mean,concurrent_simple_random_error_std,concurrent_simple_random_prediction_mean,concurrent_simple_random_true_perf_mean,concurrent_old_model_new_data_n_seeds,concurrent_old_model_new_data_n_random_questions,concurrent_old_model_new_data_random_anchor_error_mean,concurrent_old_model_new_data_random_anchor_error_std,concurrent_old_model_new_data_random_irt_error_mean,concurrent_old_model_new_data_random_irt_error_std,concurrent_old_model_new_data_random_gp_irt_error_mean,concurrent_old_model_new_data_random_gp_irt_error_std,concurrent_old_model_new_data_random_pirt_error_mean,concurrent_old_model_new_data_random_pirt_error_std,concurrent_old_model_new_data_simple_random_error_mean,concurrent_old_model_new_data_simple_random_error_std,concurrent_old_model_new_data_simple_random_prediction_mean,concurrent_old_model_new_data_simple_random_true_perf_mean,concurrent_n_test_models,concurrent_anchor_error_mean,concurrent_anchor_error_std,concurrent_irt_error_mean,concurrent_irt_error_std,concurrent_gp_irt_error_mean,concurrent_gp_irt_error_std,concurrent_pirt_error_mean,concurrent_pirt_error_std,concurrent_true_performance_mean,concurrent_true_performance_std,delta_anchor_error,delta_irt_error,delta_gp_irt_error,delta_pirt_error
NaturalQA,0,base_only,1,1000,50,1,1000,0,50,1000,50,5,257.95,0.0,50,22,1,0.0565,0.0,0.1004,0.0,0.0666,0.0,0.1003,0.0,0.6427,0.0,0.077,0.0,0.0452,0.0,0.0445,0.0,50,{'GSM8K-Lite': 0.04145454545454546},33.1755,,0.0725,,18.2523,,0.072,,50,0.0565,,0.1004,,0.0666,,0.1003,,0.0565,,0.1004,,0.0666,,0.1003,,50,{'GSM8K-Lite': 50},0.0415,0.0,33.5391,,0.0737,,18.453,,0.0729,,50,,,,,,,,,,,,,,,,,,,,,,,,,,,,,,,,,,,,,,,,,,,,,,,,,,,,,,,,,,,,,,,,,,,,,,,,,,,,,,,,,,,,,,,,,,,,,,,,,,,,,,,,,,,,,,,,,,,,,,,,,,,,,,,,,,,,,,,,,,,,,,,,,,,,,,,,,,,,,,,,,,,,,,,,,,,,,,,,,,,,,,,,,,,,,,
NaturalQA,1,direct,2,1000,50,1,1000,50,100,2000,100,5,518.73,0.0,50,22,1,0.0343,0.0,0.031,0.0,0.0306,0.0,0.031,0.0,0.6427,0.0,0.0254,0.0,0.041,0.0,0.0457,0.0,50,{'GSM8K-Lite': 0.03609090909090909},31.8573,,0.0431,,16.2132,,0.0432,,50,0.0343,,0.031,,0.0306,,0.031,,0.0343,,0.031,,0.0306,,0.031,,50,{'GSM8K-Lite': 50},0.0361,0.0,32.4482,,0.0356,,16.5126,,0.0357,,50,2000.0,100.0,5.0,355.68,0.0,50.0,22.0,0.022,0.0143,0.027,0.014,0.0228,0.013,0.0266,0.0137,0.3538,0.0893,68.0,0.0267,0.0211,0.0279,0.0192,0.0252,0.0199,0.0274,0.0191,0.3662,0.0892,22.0,1.0,0.0294,0.0,0.1845,0.0,0.0597,0.0,0.1845,0.0,0.6427,0.0,1.0,50.0,0.0313,0.0,0.027,0.0,0.0132,0.0,0.0243,0.0,0.0552,0.0,0.409,0.3538,1.0,50.0,0.0275,0.0,0.0279,0.0,0.02,0.0,0.0261,0.0,0.0556,0.0,0.4193,0.3662,0.06,0.0,0.041,0.0,0.0457,0.0,50.0,{'GSM8K-Lite': 0.03609090909090909},31.8573,,0.0478,,21.6396,,0.0478,,50.0,0.038,,0.0381,,0.0369,,0.0374,,0.038,,0.0381,,0.0369,,0.0374,,50.0,{'GSM8K-Lite': 50},0.0361,0.0,32.4482,,0.0346,,22.0394,,0.0346,,50.0,22.0,0.022,0.0143,0.027,0.014,0.0228,0.013,0.0266,0.0137,0.3538,0.0893,22.0,0.0278,0.0267,0.0294,0.0217,0.0263,0.0249,0.0291,0.0213,0.3538,0.0893,68.0,0.0243,0.0182,0.0237,0.0177,0.0229,0.0173,0.0235,0.0176,0.3662,0.0892,1.0,50.0,0.0313,0.0,0.0294,0.0,0.0225,0.0,0.0284,0.0,0.0552,0.0,0.409,0.3538,1.0,50.0,0.0275,0.0,0.0237,0.0,0.0172,0.0,0.023,0.0,0.0556,0.0,0.4193,0.3662,22.0,0.0278,0.0267,0.0294,0.0217,0.0263,0.0249,0.0291,0.0213,0.3538,0.0893,-0.0058,-0.0023,-0.0035,-0.0026
NaturalQA,2,MedQA,3,1000,50,1,1000,50,150,3000,150,5,511.75,85.3706,50,22,2,0.034,0.0075,0.0806,0.0241,0.0516,0.0079,0.078,0.0255,0.606,0.0368,0.0473,0.0134,0.0475,0.0059,0.0735,0.003,50,"{'GSM8K-Lite': 0.06263636363636362, 'MedQA': 0.054636363636363636}",14.3031,2.0693,0.0593,0.0153,5.2367,2.1417,0.059,0.0157,50,0.3059,0.0063,0.0774,0.0365,0.1432,0.0293,0.0777,0.0378,0.0673,0.0232,0.085,0.0019,0.0694,0.0115,0.0833,0.0021,50,"{'GSM8K-Lite': 25, 'MedQA': 25}",0.0586,0.004,14.0759,1.8122,0.0848,0.023,5.1648,2.1015,0.0835,0.0218,50,3000.0,150.0,5.0,442.93,85.3706,50.0,22.0,0.0293,0.0239,0.0324,0.0187,0.0282,0.0173,0.03,0.0182,0.3538,0.0893,68.0,0.0273,0.0184,0.0335,0.0271,0.0286,0.0202,0.0323,0.0259,0.3662,0.0892,22.0,2.0,0.0332,0.0038,0.1895,0.0484,0.067,0.0161,0.1887,0.0485,0.606,0.0368,1.0,50.0,0.0344,0.0,0.0324,0.0,0.0281,0.0,0.0311,0.0,0.0248,0.0,0.3555,0.3538,1.0,50.0,0.0258,0.0,0.0335,0.0,0.026,0.0,0.0321,0.0,0.0238,0.0,0.3687,0.3662,0.0876,0.0294,0.0475,0.0059,0.0735,0.003,50.0,"{'GSM8K-Lite': 0.06263636363636364, 'MedQA': 0.05463636363636364}",14.3031,2.0693,0.0534,0.0008,7.8447,2.221,0.0532,0.001,50.0,0.3048,0.0463,0.0595,0.0026,0.1618,0.0584,0.0589,0.0023,0.0617,0.0204,0.0548,0.0047,0.0518,0.0068,0.0544,0.0043,50.0,"{'GSM8K-Lite': 25, 'MedQA': 25}",0.0586,0.004,14.0759,1.8122,0.0664,0.0,7.7106,2.0646,0.066,0.0003,50.0,22.0,0.0293,0.0239,0.0324,0.0187,0.0282,0.0173,0.03,0.0182,0.3538,0.0893,22.0,0.0252,0.0219,0.1726,0.0499,0.0599,0.034,0.1676,0.0487,0.3538,0.0893,68.0,0.0244,0.0178,0.1746,0.0401,0.0661,0.0294,0.1702,0.0392,0.3662,0.0892,1.0,50.0,0.0344,0.0,0.1726,0.0,0.1093,0.0,0.1631,0.0,0.0248,0.0,0.3555,0.3538,1.0,50.0,0.0258,0.0,0.1746,0.0,0.1074,0.0,0.1649,0.0,0.0238,0.0,0.3687,0.3662,22.0,0.0252,0.0219,0.1726,0.0499,0.0599,0.034,0.1676,0.0487,0.3538,0.0893,0.0041,-0.1402,-0.0318,-0.1376
NaturalQA,3,MedQA_MMLU-Lite,4,1000,50,1,1000,50,200,3567,200,5,511.7,195.0376,50,22,3,0.0405,0.006,0.0408,0.0092,0.0385,0.0082,0.04,0.01,0.6046,0.0301,0.0301,0.007,0.0494,0.0075,0.0798,0.0082,50,"{'GSM8K-Lite': 0.0611818181818182, 'MedQA': 0.11558373205741632, 'MMLU-Lite': 0.05755243634031513}",9.6391,1.2806,0.0531,0.0171,2.8832,0.8073,0.0526,0.0174,50,0.3998,0.1525,0.0482,0.0175,0.1262,0.0517,0.0479,0.0172,0.0732,0.0055,0.0536,0.0177,0.0542,0.0168,0.0537,0.0176,50,"{'GSM8K-Lite': 20, 'MedQA': 19, 'MMLU-Lite': 11}",0.0781,0.0265,9.1846,3.2975,0.0522,0.0141,2.8015,1.4938,0.0519,0.0141,50,3567.0,200.0,5.0,521.55,195.0376,50.0,22.0,0.0362,0.0304,0.0427,0.0339,0.0364,0.0301,0.0424,0.0333,0.3538,0.0893,68.0,0.0382,0.028,0.0381,0.0327,0.0366,0.0264,0.0378,0.032,0.3662,0.0892,22.0,3.0,0.0335,0.0031,0.0901,0.0199,0.0403,0.0074,0.0881,0.0189,0.6046,0.0301,1.0,50.0,0.0505,0.0,0.0427,0.0,0.0282,0.0,0.0409,0.0,0.0294,0.0,0.3276,0.3538,1.0,50.0,0.0414,0.0,0.0381,0.0,0.0245,0.0,0.037,0.0,0.0382,0.0,0.3454,0.3662,0.0507,0.0063,0.0494,0.0075,0.0798,0.0082,50.0,"{'GSM8K-Lite': 0.0611818181818182, 'MedQA': 0.11558373205741629, 'MMLU-Lite': 0.05755243634031514}",9.6391,1.2806,0.0488,0.0156,3.5968,1.088,0.0485,0.0159,50.0,0.3998,0.09,0.0502,0.0109,0.1298,0.0257,0.0501,0.0105,0.071,0.0119,0.0518,0.0236,0.0493,0.0181,0.0514,0.0237,50.0,"{'GSM8K-Lite': 20, 'MedQA': 19, 'MMLU-Lite': 11}",0.0781,0.0265,9.1846,3.2975,0.068,0.0172,3.5366,1.8777,0.067,0.0173,50.0,22.0,0.0362,0.0304,0.0427,0.0339,0.0364,0.0301,0.0424,0.0333,0.3538,0.0893,22.0,0.0252,0.0209,0.0291,0.0334,0.0238,0.0166,0.0278,0.0317,0.3538,0.0893,68.0,0.0314,0.0266,0.0263,0.0196,0.0271,0.0243,0.0257,0.0193,0.3662,0.0892,1.0,50.0,0.0505,0.0,0.0291,0.0,0.0296,0.0,0.0278,0.0,0.0294,0.0,0.3276,0.3538,1.0,50.0,0.0414,0.0,0.0263,0.0,0.0213,0.0,0.025,0.0,0.0382,0.0,0.3454,0.3662,22.0,0.0252,0.0209,0.0291,0.0334,0.0238,0.0166,0.0278,0.0317,0.3538,0.0893,0.011,0.0136,0.0126,0.0146
NaturalQA,4,MedQA_MMLU-Lite_NarrativeQA,5,1000,50,1,1000,50,250,4037,250,5,468.21,329.2088,50,22,4,0.0383,0.0105,0.0386,0.0082,0.0337,0.0082,0.037,0.0085,0.6225,0.0404,0.0271,0.0054,0.0559,0.0226,0.1144,0.0222,50,"{'GSM8K-Lite': 0.08086096256684489, 'MedQA': 0.11979545454545452, 'MMLU-Lite': 0.12714446047779382, 'NarrativeQA': 0.05634344537234998}",6.727,4.6164,0.0631,0.0047,3.7991,2.8937,0.0629,0.0045,50,0.4665,0.1128,0.061,0.0103,0.254,0.0894,0.0608,0.0101,0.0868,0.0223,0.0653,0.0183,0.0694,0.0124,0.065,0.0184,50,"{'GSM8K-Lite': 17, 'MedQA': 16, 'MMLU-Lite': 9, 'NarrativeQA': 8}",0.096,0.0289,7.6526,2.9608,0.057,0.014,4.0675,1.5587,0.0567,0.014,50,4037.0,250.0,5.0,563.61,329.2088,50.0,22.0,0.0333,0.0217,0.2445,0.0955,0.0664,0.0327,0.2333,0.0924,0.3538,0.0893,68.0,0.0223,0.0188,0.2199,0.0901,0.0536,0.03,0.2096,0.0868,0.3662,0.0892,22.0,4.0,0.0288,0.0085,0.1548,0.038,0.0506,0.0285,0.1494,0.0367,0.6225,0.0404,1.0,50.0,0.0343,0.0,0.2445,0.0,0.142,0.0,0.233,0.0,0.0657,0.0,0.2891,0.3538,1.0,50.0,0.0301,0.0,0.2199,0.0,0.1235,0.0,0.2092,0.0,0.0551,0.0,0.3121,0.3662,0.083,0.0378,0.0559,0.0226,0.1144,0.0222,50.0,"{'GSM8K-Lite': 0.08086096256684489, 'MedQA': 0.11979545454545457, 'MMLU-Lite': 0.12714446047779382, 'NarrativeQA': 0.05634344537234997}",6.727,4.6164,0.0719,0.0096,2.8211,1.9354,0.0716,0.0094,50.0,0.4666,0.0958,0.1013,0.0116,0.1874,0.1355,0.1004,0.0112,0.0898,0.0072,0.071,0.0064,0.0714,0.0048,0.0707,0.0066,50.0,"{'GSM8K-Lite': 17, 'MedQA': 16, 'MMLU-Lite': 9, 'NarrativeQA': 8}",0.096,0.0289,7.6526,2.9608,0.0873,0.0169,3.0251,0.9494,0.0868,0.0164,50.0,22.0,0.0333,0.0217,0.2445,0.0955,0.0664,0.0327,0.2333,0.0924,0.3538,0.0893,22.0,0.0367,0.0274,0.0271,0.0277,0.0296,0.0226,0.0266,0.0261,0.3538,0.0893,68.0,0.0331,0.0264,0.028,0.021,0.0279,0.0226,0.027,0.0205,0.3662,0.0892,1.0,50.0,0.0343,0.0,0.0271,0.0,0.0205,0.0,0.0264,0.0,0.0657,0.0,0.2891,0.3538,1.0,50.0,0.0301,0.0,0.028,0.0,0.0169,0.0,0.0268,0.0,0.0551,0.0,0.3121,0.3662,22.0,0.0367,0.0274,0.0271,0.0277,0.0296,0.0226,0.0266,0.0261,0.3538,0.0893,-0.0034,0.2174,0.0368,0.2067
NaturalQA,5,MedQA_MMLU-Lite_NarrativeQA_MATH Competition,6,1000,50,1,1000,50,300,4474,300,5,515.7,483.7267,50,22,5,0.0461,0.0125,0.0479,0.0139,0.04,0.0099,0.0451,0.0125,0.6058,0.0493,0.0355,0.0065,0.0475,0.0106,0.148,0.0579,50,"{'GSM8K-Lite': 0.15439393939393942, 'MedQA': 0.11828571428571429, 'MMLU-Lite': 0.12881794131794133, 'NarrativeQA': 0.0463657152101321, 'MATH Competition': 0.10765550239234453}",5.8049,3.4579,0.0657,0.0108,3.0964,2.2116,0.0655,0.0107,50,0.4835,0.0748,0.0684,0.0271,0.2526,0.1728,0.0684,0.027,0.1018,0.0302,0.0826,0.0325,0.076,0.0252,0.0824,0.032,50,"{'GSM8K-Lite': 15, 'MedQA': 14, 'MMLU-Lite': 8, 'NarrativeQA': 7, 'MATH Competition': 6}",0.1111,0.0359,6.1458,3.5362,0.0757,0.0291,3.128,2.2325,0.0754,0.0286,50,4474.0,300.0,5.0,638.94,483.7267,50.0,22.0,0.0262,0.0226,0.0266,0.0267,0.0216,0.0161,0.0249,0.0248,0.3538,0.0893,68.0,0.0248,0.02,0.034,0.0284,0.0229,0.0171,0.0328,0.0267,0.3662,0.0892,22.0,5.0,0.033,0.0113,0.0616,0.015,0.0311,0.0104,0.0596,0.0131,0.6058,0.0493,1.0,50.0,0.0375,0.0,0.0266,0.0,0.0287,0.0,0.0255,0.0,0.0424,0.0,0.3183,0.3538,1.0,50.0,0.0303,0.0,0.034,0.0,0.025,0.0,0.0328,0.0,0.037,0.0,0.3337,0.3662,0.0408,0.0086,0.0475,0.0106,0.148,0.0579,50.0,"{'GSM8K-Lite': 0.15439393939393942, 'MedQA': 0.11828571428571427, 'MMLU-Lite': 0.12881794131794133, 'NarrativeQA': 0.0463657152101321, 'MATH Competition': 0.1076555023923445}",5.8049,3.4579,0.0648,0.0143,4.1032,2.4664,0.0644,0.0141,50.0,0.4813,0.0913,0.0649,0.0303,0.35,0.1326,0.0646,0.0303,0.1036,0.0307,0.0826,0.0287,0.0875,0.0215,0.082,0.0287,50.0,"{'GSM8K-Lite': 15, 'MedQA': 14, 'MMLU-Lite': 8, 'NarrativeQA': 7, 'MATH Competition': 6}",0.1111,0.0359,6.1458,3.5362,0.0748,0.0226,4.4217,2.4679,0.0746,0.0221,50.0,22.0,0.0262,0.0226,0.0266,0.0267,0.0216,0.0161,0.0249,0.0248,0.3538,0.0893,22.0,0.0376,0.0217,0.0395,0.0255,0.0308,0.0219,0.0376,0.025,0.3538,0.0893,68.0,0.0314,0.0229,0.0319,0.0224,0.0273,0.0215,0.0307,0.0221,0.3662,0.0892,1.0,50.0,0.0375,0.0,0.0395,0.0,0.0323,0.0,0.0382,0.0,0.0424,0.0,0.3183,0.3538,1.0,50.0,0.0303,0.0,0.0319,0.0,0.0222,0.0,0.0309,0.0,0.037,0.0,0.3337,0.3662,22.0,0.0376,0.0217,0.0395,0.0255,0.0308,0.0219,0.0376,0.025,0.3538,0.0893,-0.0114,-0.0129,-0.0092,-0.0127
NaturalQA,6,MedQA_MMLU-Lite_NarrativeQA_MATH Competition_WMT-14 Translation,7,1000,50,1,1000,50,350,9474,350,5,609.43,695.5751,50,22,6,0.033,0.0106,0.0612,0.0289,0.0314,0.0109,0.0566,0.0252,0.5307,0.1738,0.0308,0.0088,0.0399,0.016,0.1694,0.0913,50,"{'GSM8K-Lite': 0.13818181818181818, 'MedQA': 0.10712121212121213, 'MMLU-Lite': 0.14830848164181495, 'NarrativeQA': 0.27442077879538096, 'MATH Competition': 0.27692254351293244, 'WMT-14 Translation': 0.020266660346775846}",2.6169,1.4194,0.1392,0.0805,1.5041,0.804,0.139,0.0806,50,0.4744,0.2092,0.0762,0.0398,0.3371,0.1948,0.0759,0.0397,0.0953,0.0684,0.1175,0.0777,0.072,0.0472,0.1174,0.0777,50,"{'GSM8K-Lite': 6, 'MedQA': 6, 'MMLU-Lite': 3, 'NarrativeQA': 3, 'MATH Competition': 3, 'WMT-14 Translation': 29}",0.1609,0.091,2.4225,1.4174,0.0823,0.0357,1.5633,0.9311,0.0819,0.0355,50,9474.0,350.0,5.0,803.84,695.5751,50.0,22.0,0.0245,0.0183,0.0343,0.0262,0.0227,0.0169,0.0326,0.0257,0.3538,0.0893,68.0,0.0268,0.0206,0.0322,0.0277,0.0248,0.0174,0.0312,0.0263,0.3662,0.0892,22.0,6.0,0.0293,0.0132,0.362,0.1007,0.0604,0.0454,0.3671,0.1045,0.5307,0.1738,1.0,50.0,0.0317,0.0,0.0343,0.0,0.0302,0.0,0.0344,0.0,0.0427,0.0,0.3697,0.3538,1.0,50.0,0.0359,0.0,0.0322,0.0,0.0308,0.0,0.0323,0.0,0.0299,0.0,0.3707,0.3662,0.1567,0.0971,0.0399,0.016,0.1694,0.0913,50.0,"{'GSM8K-Lite': 0.13818181818181818, 'MedQA': 0.10712121212121217, 'MMLU-Lite': 0.14830848164181495, 'NarrativeQA': 0.27442077879538096, 'MATH Competition': 0.2769225435129325, 'WMT-14 Translation': 0.020266660346775846}",2.6169,1.4194,0.3128,0.0925,1.3219,1.4125,0.3118,0.0923,50.0,0.477,0.2132,0.215,0.0883,0.3295,0.1924,0.2145,0.0884,0.0984,0.0641,0.3308,0.1252,0.1094,0.1007,0.3304,0.1253,50.0,"{'GSM8K-Lite': 6, 'MedQA': 6, 'MMLU-Lite': 3, 'NarrativeQA': 3, 'MATH Competition': 3, 'WMT-14 Translation': 29}",0.1609,0.091,2.4225,1.4174,0.3134,0.0977,1.4609,1.2487,0.3116,0.0971,50.0,22.0,0.0245,0.0183,0.0343,0.0262,0.0227,0.0169,0.0326,0.0257,0.3538,0.0893,22.0,0.0224,0.0152,0.0305,0.0274,0.0206,0.012,0.0291,0.0259,0.3538,0.0893,68.0,0.0234,0.0148,0.0299,0.0239,0.02,0.0141,0.0286,0.0228,0.3662,0.0892,1.0,50.0,0.0317,0.0,0.0305,0.0,0.0214,0.0,0.0287,0.0,0.0427,0.0,0.3697,0.3538,1.0,50.0,0.0359,0.0,0.0299,0.0,0.0254,0.0,0.0287,0.0,0.0299,0.0,0.3707,0.3662,22.0,0.0224,0.0152,0.0305,0.0274,0.0206,0.012,0.0291,0.0259,0.3538,0.0893,0.0021,0.0038,0.0022,0.0035
NaturalQA,7,MedQA_MMLU-Lite_NarrativeQA_MATH Competition_WMT-14 Translation_OpenBookQA,8,1000,50,1,1000,50,400,9974,400,5,592.11,937.7309,50,22,7,0.0299,0.0128,0.233,0.204,0.0383,0.0109,0.2243,0.2012,0.5694,0.1868,0.099,0.0757,0.0567,0.0246,0.1824,0.1176,50,"{'GSM8K-Lite': 0.09336363636363637, 'MedQA': 0.24945454545454543, 'MMLU-Lite': 0.2465929132595799, 'NarrativeQA': 0.27841366450707544, 'MATH Competition': 0.3112648221343874, 'WMT-14 Translation': 0.015257591840939442, 'OpenBookQA': 0.1780606060606061}",2.2662,1.8915,0.4068,0.1918,1.3154,1.2183,0.4052,0.1927,50,0.516,0.2074,0.3361,0.1721,0.3935,0.1958,0.3339,0.1711,0.0858,0.0657,0.4443,0.1426,0.2191,0.1219,0.444,0.1428,50,"{'GSM8K-Lite': 6, 'MedQA': 5, 'MMLU-Lite': 3, 'NarrativeQA': 3, 'MATH Competition': 2, 'WMT-14 Translation': 28, 'OpenBookQA': 3}",0.1961,0.0993,1.9774,1.5763,0.4321,0.1394,0.8452,1.047,0.4303,0.1385,50,9974.0,400.0,5.0,750.11,937.7309,50.0,22.0,0.0403,0.0291,0.0778,0.0565,0.0328,0.0228,0.0748,0.0542,0.3538,0.0893,68.0,0.0317,0.0228,0.0724,0.057,0.0282,0.0209,0.0695,0.0549,0.3662,0.0892,22.0,7.0,0.0301,0.0124,0.1155,0.072,0.0315,0.0101,0.1081,0.0724,0.5694,0.1868,1.0,50.0,0.0731,0.0,0.0778,0.0,0.058,0.0,0.0735,0.0,0.0486,0.0,0.3105,0.3538,1.0,50.0,0.071,0.0,0.0724,0.0,0.0532,0.0,0.0678,0.0,0.0387,0.0,0.3301,0.3662,0.0555,0.0303,0.0567,0.0246,0.1824,0.1176,50.0,"{'GSM8K-Lite': 0.09336363636363637, 'MedQA': 0.2494545454545454, 'MMLU-Lite': 0.24659291325958, 'NarrativeQA': 0.2784136645070755, 'MATH Competition': 0.3112648221343874, 'WMT-14 Translation': 0.015257591840939444, 'OpenBookQA': 0.17806060606060609}",2.2662,1.8915,0.1002,0.0504,1.5047,1.4264,0.1001,0.0501,50.0,0.5157,0.2254,0.1038,0.0439,0.2983,0.1657,0.1033,0.044,0.0902,0.0685,0.1619,0.1119,0.0771,0.0434,0.1617,0.112,50.0,"{'GSM8K-Lite': 6, 'MedQA': 5, 'MMLU-Lite': 3, 'NarrativeQA': 3, 'MATH Competition': 2, 'WMT-14 Translation': 28, 'OpenBookQA': 3}",0.1961,0.0993,1.9774,1.5763,0.0872,0.0348,1.0625,0.8773,0.087,0.0348,50.0,22.0,0.0403,0.0291,0.0778,0.0565,0.0328,0.0228,0.0748,0.0542,0.3538,0.0893,22.0,0.0271,0.0201,0.2624,0.0519,0.0563,0.0259,0.2516,0.0491,0.3538,0.0893,68.0,0.0303,0.0226,0.2645,0.0509,0.0602,0.0304,0.254,0.0481,0.3662,0.0892,1.0,50.0,0.0731,0.0,0.2624,0.0,0.1926,0.0,0.2537,0.0,0.0486,0.0,0.3105,0.3538,1.0,50.0,0.071,0.0,0.2645,0.0,0.1935,0.0,0.2552,0.0,0.0387,0.0,0.3301,0.3662,22.0,0.0271,0.0201,0.2624,0.0519,0.0563,0.0259,0.2516,0.0491,0.3538,0.0893,0.0132,-0.1846,-0.0235,-0.1769
NaturalQA,8,MedQA_MMLU-Lite_NarrativeQA_MATH Competition_WMT-14 Translation_OpenBookQA_LegalBench,9,1000,50,1,1000,50,450,12116,450,5,740.1,1228.7456,50,22,8,0.0357,0.0138,0.0546,0.0266,0.0318,0.0123,0.0505,0.0234,0.5631,0.1755,0.0294,0.0106,0.0411,0.0221,0.2165,0.1206,50,"{'GSM8K-Lite': 0.10936363636363639, 'MedQA': 0.17463636363636362, 'MMLU-Lite': 0.14935064935064934, 'NarrativeQA': 0.14527321793669248, 'MATH Competition': 0.23673809028500103, 'WMT-14 Translation': 0.01993852875918467, 'OpenBookQA': 0.22345454545454543, 'LegalBench': 0.12991506178860088}",1.4774,1.1929,0.0846,0.0415,0.7025,0.7449,0.0844,0.0416,50,0.5155,0.2036,0.0793,0.039,0.2642,0.1661,0.0791,0.0387,0.0904,0.0659,0.1063,0.0562,0.0719,0.0652,0.1063,0.0563,50,"{'GSM8K-Lite': 5, 'MedQA': 4, 'MMLU-Lite': 3, 'NarrativeQA': 2, 'MATH Competition': 2, 'WMT-14 Translation': 23, 'OpenBookQA': 2, 'LegalBench': 9}",0.1486,0.0637,1.9215,1.3054,0.0866,0.0426,0.8527,0.6333,0.0863,0.0425,50,12116.0,450.0,5.0,864.45,1228.7456,50.0,22.0,0.03,0.019,0.1096,0.0822,0.0286,0.0177,0.1112,0.0787,0.3538,0.0893,68.0,0.0279,0.0213,0.0941,0.0709,0.0261,0.02,0.0951,0.0691,0.3662,0.0892,22.0,8.0,0.0309,0.0118,0.3599,0.1099,0.0412,0.0205,0.3607,0.1074,0.5631,0.1755,1.0,50.0,0.022,0.0,0.1096,0.0,0.0284,0.0,0.1024,0.0,0.0837,0.0,0.4365,0.3538,1.0,50.0,0.0287,0.0,0.0941,0.0,0.0285,0.0,0.088,0.0,0.0715,0.0,0.4376,0.3662,0.1298,0.0802,0.0411,0.0221,0.2165,0.1206,50.0,"{'GSM8K-Lite': 0.10936363636363637, 'MedQA': 0.17463636363636362, 'MMLU-Lite': 0.14935064935064934, 'NarrativeQA': 0.14527321793669248, 'MATH Competition': 0.23673809028500098, 'WMT-14 Translation': 0.01993852875918467, 'OpenBookQA': 0.22345454545454543, 'LegalBench': 0.12991506178860085}",1.4774,1.1929,0.335,0.1622,0.8279,1.0569,0.3345,0.1625,50.0,0.5093,0.1901,0.2323,0.1733,0.3327,0.1836,0.232,0.1725,0.0964,0.0685,0.2444,0.1271,0.1075,0.0547,0.2442,0.1271,50.0,"{'GSM8K-Lite': 5, 'MedQA': 4, 'MMLU-Lite': 3, 'NarrativeQA': 2, 'MATH Competition': 2, 'WMT-14 Translation': 23, 'OpenBookQA': 2, 'LegalBench': 9}",0.1486,0.0637,1.9215,1.3054,0.3314,0.1112,1.0631,0.9402,0.3298,0.1109,50.0,22.0,0.03,0.019,0.1096,0.0822,0.0286,0.0177,0.1112,0.0787,0.3538,0.0893,22.0,0.0442,0.025,0.0428,0.0396,0.0398,0.0214,0.0408,0.0375,0.3538,0.0893,68.0,0.0402,0.0273,0.0375,0.0373,0.036,0.024,0.0359,0.0353,0.3662,0.0892,1.0,50.0,0.022,0.0,0.0428,0.0,0.0283,0.0,0.0407,0.0,0.0837,0.0,0.4365,0.3538,1.0,50.0,0.0287,0.0,0.0375,0.0,0.0251,0.0,0.0356,0.0,0.0715,0.0,0.4376,0.3662,22.0,0.0442,0.025,0.0428,0.0396,0.0398,0.0214,0.0408,0.0375,0.3538,0.0893,-0.0142,0.0669,-0.0113,0.0703
