target_dataset,distance,chain,n_datasets_in_training,target_n_questions,n_anchors_per_dataset,n_base_datasets,cost_full_eval_target,cost_fixed_target_anchors,cost_concurrent_all_anchors,concurrent_n_items,concurrent_n_anchors,concurrent_best_dimension,concurrent_training_time_sec,concurrent_cumulative_chain_time,concurrent_min_anchors_per_eval_dataset,concurrent_new_model_old_data_n_models,concurrent_new_model_old_data_n_datasets,concurrent_new_model_old_data_anchor_error_mean,concurrent_new_model_old_data_anchor_error_std,concurrent_new_model_old_data_irt_error_mean,concurrent_new_model_old_data_irt_error_std,concurrent_new_model_old_data_gp_irt_error_mean,concurrent_new_model_old_data_gp_irt_error_std,concurrent_new_model_old_data_pirt_error_mean,concurrent_new_model_old_data_pirt_error_std,concurrent_new_model_old_data_true_perf_mean,concurrent_new_model_old_data_true_perf_std,concurrent_discriminative_new_model_old_data_discriminative_gp_irt_error_mean,concurrent_discriminative_new_model_old_data_discriminative_gp_irt_error_std,concurrent_discriminative_new_model_old_data_n_datasets,concurrent_new_model_old_data_random_gp_irt_error_mean,concurrent_new_model_old_data_random_gp_irt_error_std,concurrent_new_model_old_data_simple_random_error_mean,concurrent_new_model_old_data_simple_random_error_std,concurrent_new_model_old_data_pooled_simple_random_error_mean,concurrent_new_model_old_data_pooled_simple_random_error_std,concurrent_new_model_old_data_n_pooled_anchors,concurrent_new_model_old_data_per_dataset_errors,concurrent_new_model_old_data_pooled_random_irt_anchor_error_mean,concurrent_new_model_old_data_pooled_random_irt_anchor_error_std,concurrent_new_model_old_data_pooled_random_irt_irt_error_mean,concurrent_new_model_old_data_pooled_random_irt_irt_error_std,concurrent_new_model_old_data_pooled_random_irt_gp_irt_error_mean,concurrent_new_model_old_data_pooled_random_irt_gp_irt_error_std,concurrent_new_model_old_data_pooled_random_irt_pirt_error_mean,concurrent_new_model_old_data_pooled_random_irt_pirt_error_std,concurrent_new_model_old_data_n_pooled_random_anchors,concurrent_new_model_old_data_pooled_irt_anchor_error_mean,concurrent_new_model_old_data_pooled_irt_anchor_error_std,concurrent_new_model_old_data_pooled_irt_irt_error_mean,concurrent_new_model_old_data_pooled_irt_irt_error_std,concurrent_new_model_old_data_pooled_irt_gp_irt_error_mean,concurrent_new_model_old_data_pooled_irt_gp_irt_error_std,concurrent_new_model_old_data_pooled_irt_pirt_error_mean,concurrent_new_model_old_data_pooled_irt_pirt_error_std,concurrent_new_model_old_data_proportional_irt_anchor_error_mean,concurrent_new_model_old_data_proportional_irt_anchor_error_std,concurrent_new_model_old_data_proportional_irt_irt_error_mean,concurrent_new_model_old_data_proportional_irt_irt_error_std,concurrent_new_model_old_data_proportional_irt_gp_irt_error_mean,concurrent_new_model_old_data_proportional_irt_gp_irt_error_std,concurrent_new_model_old_data_proportional_irt_pirt_error_mean,concurrent_new_model_old_data_proportional_irt_pirt_error_std,concurrent_new_model_old_data_n_proportional_anchors,concurrent_new_model_old_data_allocation,concurrent_new_model_old_data_proportional_random_error_mean,concurrent_new_model_old_data_proportional_random_error_std,concurrent_new_model_old_data_proportional_random_irt_anchor_error_mean,concurrent_new_model_old_data_proportional_random_irt_anchor_error_std,concurrent_new_model_old_data_proportional_random_irt_irt_error_mean,concurrent_new_model_old_data_proportional_random_irt_irt_error_std,concurrent_new_model_old_data_proportional_random_irt_gp_irt_error_mean,concurrent_new_model_old_data_proportional_random_irt_gp_irt_error_std,concurrent_new_model_old_data_proportional_random_irt_pirt_error_mean,concurrent_new_model_old_data_proportional_random_irt_pirt_error_std,concurrent_new_model_old_data_n_proportional_random_anchors,fixed_n_items,fixed_n_anchors,fixed_best_dimension,fixed_training_time_sec,fixed_cumulative_chain_time,fixed_min_anchors_per_eval_dataset,fixed_new_model_new_data_n_models,fixed_new_model_new_data_anchor_error_mean,fixed_new_model_new_data_anchor_error_std,fixed_new_model_new_data_irt_error_mean,fixed_new_model_new_data_irt_error_std,fixed_new_model_new_data_gp_irt_error_mean,fixed_new_model_new_data_gp_irt_error_std,fixed_new_model_new_data_pirt_error_mean,fixed_new_model_new_data_pirt_error_std,fixed_new_model_new_data_true_perf_mean,fixed_new_model_new_data_true_perf_std,fixed_old_model_new_data_n_models,fixed_old_model_new_data_anchor_error_mean,fixed_old_model_new_data_anchor_error_std,fixed_old_model_new_data_irt_error_mean,fixed_old_model_new_data_irt_error_std,fixed_old_model_new_data_gp_irt_error_mean,fixed_old_model_new_data_gp_irt_error_std,fixed_old_model_new_data_pirt_error_mean,fixed_old_model_new_data_pirt_error_std,fixed_old_model_new_data_true_perf_mean,fixed_old_model_new_data_true_perf_std,fixed_all_train_new_data_n_models,fixed_all_train_new_data_irt_error_mean,fixed_all_train_new_data_irt_error_std,fixed_all_train_new_data_pirt_error_mean,fixed_all_train_new_data_pirt_error_std,fixed_all_train_new_data_true_perf_mean,fixed_all_train_new_data_true_perf_std,fixed_new_model_old_data_n_models,fixed_new_model_old_data_n_datasets,fixed_new_model_old_data_anchor_error_mean,fixed_new_model_old_data_anchor_error_std,fixed_new_model_old_data_irt_error_mean,fixed_new_model_old_data_irt_error_std,fixed_new_model_old_data_gp_irt_error_mean,fixed_new_model_old_data_gp_irt_error_std,fixed_new_model_old_data_pirt_error_mean,fixed_new_model_old_data_pirt_error_std,fixed_new_model_old_data_true_perf_mean,fixed_new_model_old_data_true_perf_std,fixed_discriminative_n_anchors,fixed_discriminative_discriminative_anchor_error_mean,fixed_discriminative_discriminative_anchor_error_std,fixed_discriminative_discriminative_irt_error_mean,fixed_discriminative_discriminative_irt_error_std,fixed_discriminative_discriminative_gp_irt_error_mean,fixed_discriminative_discriminative_gp_irt_error_std,fixed_discriminative_discriminative_pirt_error_mean,fixed_discriminative_discriminative_pirt_error_std,fixed_discriminative_all_train_n_anchors,fixed_discriminative_all_train_discriminative_anchor_error_mean,fixed_discriminative_all_train_discriminative_anchor_error_std,fixed_discriminative_all_train_discriminative_irt_error_mean,fixed_discriminative_all_train_discriminative_irt_error_std,fixed_discriminative_all_train_discriminative_gp_irt_error_mean,fixed_discriminative_all_train_discriminative_gp_irt_error_std,fixed_discriminative_all_train_discriminative_pirt_error_mean,fixed_discriminative_all_train_discriminative_pirt_error_std,fixed_discriminative_new_model_old_data_discriminative_gp_irt_error_mean,fixed_discriminative_new_model_old_data_discriminative_gp_irt_error_std,fixed_discriminative_new_model_old_data_n_datasets,fixed_n_seeds,fixed_n_random_questions,fixed_random_anchor_error_mean,fixed_random_anchor_error_std,fixed_random_irt_error_mean,fixed_random_irt_error_std,fixed_random_gp_irt_error_mean,fixed_random_gp_irt_error_std,fixed_random_pirt_error_mean,fixed_random_pirt_error_std,fixed_simple_random_error_mean,fixed_simple_random_error_std,fixed_simple_random_prediction_mean,fixed_simple_random_true_perf_mean,fixed_all_train_new_data_n_seeds,fixed_all_train_new_data_n_random_questions,fixed_all_train_new_data_random_anchor_error_mean,fixed_all_train_new_data_random_anchor_error_std,fixed_all_train_new_data_random_irt_error_mean,fixed_all_train_new_data_random_irt_error_std,fixed_all_train_new_data_random_gp_irt_error_mean,fixed_all_train_new_data_random_gp_irt_error_std,fixed_all_train_new_data_random_pirt_error_mean,fixed_all_train_new_data_random_pirt_error_std,fixed_all_train_new_data_simple_random_error_mean,fixed_all_train_new_data_simple_random_error_std,fixed_all_train_new_data_simple_random_prediction_mean,fixed_all_train_new_data_simple_random_true_perf_mean,fixed_old_model_new_data_n_seeds,fixed_old_model_new_data_n_random_questions,fixed_old_model_new_data_random_anchor_error_mean,fixed_old_model_new_data_random_anchor_error_std,fixed_old_model_new_data_random_irt_error_mean,fixed_old_model_new_data_random_irt_error_std,fixed_old_model_new_data_random_gp_irt_error_mean,fixed_old_model_new_data_random_gp_irt_error_std,fixed_old_model_new_data_random_pirt_error_mean,fixed_old_model_new_data_random_pirt_error_std,fixed_old_model_new_data_simple_random_error_mean,fixed_old_model_new_data_simple_random_error_std,fixed_old_model_new_data_simple_random_prediction_mean,fixed_old_model_new_data_simple_random_true_perf_mean,fixed_new_model_old_data_random_gp_irt_error_mean,fixed_new_model_old_data_random_gp_irt_error_std,fixed_new_model_old_data_simple_random_error_mean,fixed_new_model_old_data_simple_random_error_std,fixed_new_model_old_data_pooled_simple_random_error_mean,fixed_new_model_old_data_pooled_simple_random_error_std,fixed_new_model_old_data_n_pooled_anchors,fixed_new_model_old_data_per_dataset_errors,fixed_new_model_old_data_pooled_random_irt_anchor_error_mean,fixed_new_model_old_data_pooled_random_irt_anchor_error_std,fixed_new_model_old_data_pooled_random_irt_irt_error_mean,fixed_new_model_old_data_pooled_random_irt_irt_error_std,fixed_new_model_old_data_pooled_random_irt_gp_irt_error_mean,fixed_new_model_old_data_pooled_random_irt_gp_irt_error_std,fixed_new_model_old_data_pooled_random_irt_pirt_error_mean,fixed_new_model_old_data_pooled_random_irt_pirt_error_std,fixed_new_model_old_data_n_pooled_random_anchors,fixed_new_model_old_data_pooled_irt_anchor_error_mean,fixed_new_model_old_data_pooled_irt_anchor_error_std,fixed_new_model_old_data_pooled_irt_irt_error_mean,fixed_new_model_old_data_pooled_irt_irt_error_std,fixed_new_model_old_data_pooled_irt_gp_irt_error_mean,fixed_new_model_old_data_pooled_irt_gp_irt_error_std,fixed_new_model_old_data_pooled_irt_pirt_error_mean,fixed_new_model_old_data_pooled_irt_pirt_error_std,fixed_new_model_old_data_proportional_irt_anchor_error_mean,fixed_new_model_old_data_proportional_irt_anchor_error_std,fixed_new_model_old_data_proportional_irt_irt_error_mean,fixed_new_model_old_data_proportional_irt_irt_error_std,fixed_new_model_old_data_proportional_irt_gp_irt_error_mean,fixed_new_model_old_data_proportional_irt_gp_irt_error_std,fixed_new_model_old_data_proportional_irt_pirt_error_mean,fixed_new_model_old_data_proportional_irt_pirt_error_std,fixed_new_model_old_data_n_proportional_anchors,fixed_new_model_old_data_allocation,fixed_new_model_old_data_proportional_random_error_mean,fixed_new_model_old_data_proportional_random_error_std,fixed_new_model_old_data_proportional_random_irt_anchor_error_mean,fixed_new_model_old_data_proportional_random_irt_anchor_error_std,fixed_new_model_old_data_proportional_random_irt_irt_error_mean,fixed_new_model_old_data_proportional_random_irt_irt_error_std,fixed_new_model_old_data_proportional_random_irt_gp_irt_error_mean,fixed_new_model_old_data_proportional_random_irt_gp_irt_error_std,fixed_new_model_old_data_proportional_random_irt_pirt_error_mean,fixed_new_model_old_data_proportional_random_irt_pirt_error_std,fixed_new_model_old_data_n_proportional_random_anchors,fixed_n_test_models,fixed_anchor_error_mean,fixed_anchor_error_std,fixed_irt_error_mean,fixed_irt_error_std,fixed_gp_irt_error_mean,fixed_gp_irt_error_std,fixed_pirt_error_mean,fixed_pirt_error_std,fixed_true_performance_mean,fixed_true_performance_std,concurrent_new_model_new_data_n_models,concurrent_new_model_new_data_anchor_error_mean,concurrent_new_model_new_data_anchor_error_std,concurrent_new_model_new_data_irt_error_mean,concurrent_new_model_new_data_irt_error_std,concurrent_new_model_new_data_gp_irt_error_mean,concurrent_new_model_new_data_gp_irt_error_std,concurrent_new_model_new_data_pirt_error_mean,concurrent_new_model_new_data_pirt_error_std,concurrent_new_model_new_data_true_perf_mean,concurrent_new_model_new_data_true_perf_std,concurrent_old_model_new_data_n_models,concurrent_old_model_new_data_anchor_error_mean,concurrent_old_model_new_data_anchor_error_std,concurrent_old_model_new_data_irt_error_mean,concurrent_old_model_new_data_irt_error_std,concurrent_old_model_new_data_gp_irt_error_mean,concurrent_old_model_new_data_gp_irt_error_std,concurrent_old_model_new_data_pirt_error_mean,concurrent_old_model_new_data_pirt_error_std,concurrent_old_model_new_data_true_perf_mean,concurrent_old_model_new_data_true_perf_std,concurrent_all_train_new_data_n_models,concurrent_all_train_new_data_irt_error_mean,concurrent_all_train_new_data_irt_error_std,concurrent_all_train_new_data_pirt_error_mean,concurrent_all_train_new_data_pirt_error_std,concurrent_all_train_new_data_true_perf_mean,concurrent_all_train_new_data_true_perf_std,concurrent_discriminative_n_anchors,concurrent_discriminative_discriminative_anchor_error_mean,concurrent_discriminative_discriminative_anchor_error_std,concurrent_discriminative_discriminative_irt_error_mean,concurrent_discriminative_discriminative_irt_error_std,concurrent_discriminative_discriminative_gp_irt_error_mean,concurrent_discriminative_discriminative_gp_irt_error_std,concurrent_discriminative_discriminative_pirt_error_mean,concurrent_discriminative_discriminative_pirt_error_std,concurrent_discriminative_all_train_n_anchors,concurrent_discriminative_all_train_discriminative_anchor_error_mean,concurrent_discriminative_all_train_discriminative_anchor_error_std,concurrent_discriminative_all_train_discriminative_irt_error_mean,concurrent_discriminative_all_train_discriminative_irt_error_std,concurrent_discriminative_all_train_discriminative_gp_irt_error_mean,concurrent_discriminative_all_train_discriminative_gp_irt_error_std,concurrent_discriminative_all_train_discriminative_pirt_error_mean,concurrent_discriminative_all_train_discriminative_pirt_error_std,concurrent_n_seeds,concurrent_n_random_questions,concurrent_random_anchor_error_mean,concurrent_random_anchor_error_std,concurrent_random_irt_error_mean,concurrent_random_irt_error_std,concurrent_random_gp_irt_error_mean,concurrent_random_gp_irt_error_std,concurrent_random_pirt_error_mean,concurrent_random_pirt_error_std,concurrent_simple_random_error_mean,concurrent_simple_random_error_std,concurrent_simple_random_prediction_mean,concurrent_simple_random_true_perf_mean,concurrent_all_train_new_data_n_seeds,concurrent_all_train_new_data_n_random_questions,concurrent_all_train_new_data_random_anchor_error_mean,concurrent_all_train_new_data_random_anchor_error_std,concurrent_all_train_new_data_random_irt_error_mean,concurrent_all_train_new_data_random_irt_error_std,concurrent_all_train_new_data_random_gp_irt_error_mean,concurrent_all_train_new_data_random_gp_irt_error_std,concurrent_all_train_new_data_random_pirt_error_mean,concurrent_all_train_new_data_random_pirt_error_std,concurrent_all_train_new_data_simple_random_error_mean,concurrent_all_train_new_data_simple_random_error_std,concurrent_all_train_new_data_simple_random_prediction_mean,concurrent_all_train_new_data_simple_random_true_perf_mean,concurrent_old_model_new_data_n_seeds,concurrent_old_model_new_data_n_random_questions,concurrent_old_model_new_data_random_anchor_error_mean,concurrent_old_model_new_data_random_anchor_error_std,concurrent_old_model_new_data_random_irt_error_mean,concurrent_old_model_new_data_random_irt_error_std,concurrent_old_model_new_data_random_gp_irt_error_mean,concurrent_old_model_new_data_random_gp_irt_error_std,concurrent_old_model_new_data_random_pirt_error_mean,concurrent_old_model_new_data_random_pirt_error_std,concurrent_old_model_new_data_simple_random_error_mean,concurrent_old_model_new_data_simple_random_error_std,concurrent_old_model_new_data_simple_random_prediction_mean,concurrent_old_model_new_data_simple_random_true_perf_mean,concurrent_n_test_models,concurrent_anchor_error_mean,concurrent_anchor_error_std,concurrent_irt_error_mean,concurrent_irt_error_std,concurrent_gp_irt_error_mean,concurrent_gp_irt_error_std,concurrent_pirt_error_mean,concurrent_pirt_error_std,concurrent_true_performance_mean,concurrent_true_performance_std,delta_anchor_error,delta_irt_error,delta_gp_irt_error,delta_pirt_error
MATH Competition,0,base_only,1,437,50,1,437,0,50,1000,50,5,257.88,0.0,50,22,1,0.035,0.0,0.0342,0.0,0.0306,0.0,0.0342,0.0,0.6611,0.0,0.0319,0.0,1,0.0391,0.0,0.0457,0.0,0.0262,0.0,50,{'GSM8K-Lite': 0.04086363636363637},32.7934,,0.0291,,16.6167,,0.0292,,50,0.035,,0.0342,,0.0306,,0.0342,,0.035,,0.0342,,0.0306,,0.0342,,50,{'GSM8K-Lite': 50},0.0409,0.0,32.8843,,0.0376,,16.6639,,0.0377,,50,,,,,,,,,,,,,,,,,,,,,,,,,,,,,,,,,,,,,,,,,,,,,,,,,,,,,,,,,,,,,,,,,,,,,,,,,,,,,,,,,,,,,,,,,,,,,,,,,,,,,,,,,,,,,,,,,,,,,,,,,,,,,,,,,,,,,,,,,,,,,,,,,,,,,,,,,,,,,,,,,,,,,,,,,,,,,,,,,,,,,,,,,,,,,,,,,,,,,,,,,,,,,,,,,,,,,,,,,,,,,,,,,,,,,,,,,,,,,,,,,,,,,,,,,,,,,,,,,,,,,,,,,,,,,,,
MATH Competition,1,direct,2,437,50,1,437,50,100,1437,100,5,499.32,0.0,50,22,1,0.0331,0.0,0.0352,0.0,0.0339,0.0,0.0353,0.0,0.6611,0.0,0.1328,0.0,1,0.03,0.0,0.0383,0.0,0.0448,0.0,50,{'GSM8K-Lite': 0.034499999999999996},31.0661,,0.0339,,15.5859,,0.0338,,50,0.0331,,0.0352,,0.0339,,0.0353,,0.0331,,0.0352,,0.0339,,0.0353,,50,{'GSM8K-Lite': 50},0.0345,0.0,31.4752,,0.0278,,15.7925,,0.0279,,50,1437.0,100.0,5.0,340.87,0.0,50.0,22.0,0.045,0.0331,0.0478,0.0405,0.0439,0.0316,0.0456,0.0364,0.5852,0.2973,25.0,0.053,0.0406,0.049,0.0366,0.0456,0.0359,0.0448,0.0335,0.5986,0.2535,68.0,0.5743,0.2704,0.5743,0.2704,0.5927,0.2721,22.0,1.0,0.0355,0.0,0.1577,0.0,0.0968,0.0,0.1576,0.0,0.6611,0.0,50.0,0.1376,0.0545,0.1384,0.0778,0.1364,0.0587,0.1385,0.0778,50.0,0.1662,0.0761,0.16,0.0897,0.1551,0.0778,0.16,0.0897,0.0593,0.0,1.0,1.0,50.0,0.0333,0.0,0.0329,0.0,0.0324,0.0,0.033,0.0,0.0366,0.0,0.5764,0.5852,1.0,50.0,0.0507,0.0,0.0512,0.0,0.0503,0.0,0.0509,0.0,0.0577,0.0,0.6418,0.5927,1.0,50.0,0.039,0.0,0.0393,0.0,0.0379,0.0,0.04,0.0,0.0391,0.0,0.5728,0.5986,0.0295,0.0,0.0383,0.0,0.0448,0.0,50.0,{'GSM8K-Lite': 0.034499999999999996},31.0661,,0.0403,,14.238,,0.0404,,50.0,0.034,,0.04,,0.0311,,0.0401,,0.034,,0.04,,0.0311,,0.0401,,50.0,{'GSM8K-Lite': 50},0.0345,0.0,31.4752,,0.0391,,14.4312,,0.0391,,50.0,22.0,0.045,0.0331,0.0478,0.0405,0.0439,0.0316,0.0456,0.0364,0.5852,0.2973,22.0,0.0424,0.0282,0.0298,0.0229,0.0377,0.0238,0.03,0.0229,0.5852,0.2973,25.0,0.033,0.0291,0.0352,0.031,0.0316,0.0297,0.0347,0.031,0.5986,0.2535,68.0,0.4268,0.3073,0.4268,0.3073,0.5927,0.2721,50.0,0.1297,0.0729,0.0701,0.0545,0.0847,0.0595,0.0701,0.0544,50.0,0.1073,0.0682,0.0641,0.045,0.0686,0.0466,0.0641,0.045,1.0,50.0,0.0333,0.0,0.0358,0.0,0.0333,0.0,0.0357,0.0,0.0366,0.0,0.5764,0.5852,1.0,50.0,0.0507,0.0,0.0389,0.0,0.0436,0.0,0.039,0.0,0.0577,0.0,0.6418,0.5927,1.0,50.0,0.039,0.0,0.0344,0.0,0.036,0.0,0.0344,0.0,0.0391,0.0,0.5728,0.5986,22.0,0.0424,0.0282,0.0298,0.0229,0.0377,0.0238,0.03,0.0229,0.5852,0.2973,0.0026,0.0181,0.0061,0.0156
MATH Competition,2,NaturalQA,3,437,50,1,437,50,150,2437,150,5,487.77,95.6798,50,22,2,0.0375,0.0165,0.0573,0.0132,0.0425,0.009,0.0573,0.0138,0.5111,0.15,0.1688,0.0255,2,0.0602,0.0209,0.0345,0.0064,0.057,0.0172,50,"{'GSM8K-Lite': 0.06722727272727272, 'NaturalQA': 0.03497480902737166}",11.3322,0.5691,0.0761,0.0124,6.1837,0.8701,0.0761,0.0123,50,0.2522,0.1094,0.0803,0.0443,0.1263,0.1089,0.08,0.0443,0.0534,0.0124,0.0578,0.0088,0.0543,0.0027,0.058,0.0092,50,"{'GSM8K-Lite': 25, 'NaturalQA': 25}",0.0511,0.0161,12.9279,5.8523,0.0562,0.0045,7.4035,4.5891,0.0562,0.0042,50,2437.0,150.0,5.0,439.74,95.6798,50.0,22.0,0.0522,0.0318,0.0663,0.0523,0.0523,0.036,0.0635,0.0502,0.5852,0.2973,25.0,0.0374,0.0296,0.056,0.039,0.0365,0.0291,0.0531,0.0378,0.5986,0.2535,68.0,0.4867,0.2743,0.4867,0.2743,0.5927,0.2721,22.0,2.0,0.0324,0.0031,0.1329,0.0185,0.0413,0.0043,0.1327,0.0181,0.5111,0.15,50.0,0.0829,0.0556,0.0912,0.0671,0.0726,0.0636,0.0912,0.067,50.0,0.0951,0.0732,0.1219,0.0992,0.0972,0.0857,0.1219,0.0992,0.1441,0.0225,2.0,1.0,50.0,0.044,0.0,0.045,0.0,0.0436,0.0,0.045,0.0,0.0344,0.0,0.5755,0.5852,1.0,50.0,0.0373,0.0,0.0338,0.0,0.0337,0.0,0.0339,0.0,0.0409,0.0,0.5782,0.5927,1.0,50.0,0.0402,0.0,0.0364,0.0,0.0353,0.0,0.0366,0.0,0.0447,0.0,0.5872,0.5986,0.0504,0.0119,0.0345,0.0064,0.057,0.0172,50.0,"{'GSM8K-Lite': 0.06722727272727273, 'NaturalQA': 0.03497480902737167}",11.3322,0.5691,0.0865,0.0607,6.6661,1.349,0.0865,0.061,50.0,0.2475,0.1067,0.0442,0.0141,0.1423,0.0525,0.0444,0.0142,0.043,0.0074,0.0449,0.0181,0.04,0.0078,0.0449,0.018,50.0,"{'GSM8K-Lite': 25, 'NaturalQA': 25}",0.0511,0.0161,12.9279,5.8523,0.04,0.0079,7.3647,2.3485,0.0401,0.0079,50.0,22.0,0.0522,0.0318,0.0663,0.0523,0.0523,0.036,0.0635,0.0502,0.5852,0.2973,22.0,0.0389,0.029,0.0777,0.0535,0.0439,0.0338,0.0744,0.0509,0.5852,0.2973,25.0,0.0338,0.0312,0.0502,0.0358,0.0314,0.0276,0.0483,0.0364,0.5986,0.2535,68.0,0.4114,0.3159,0.4114,0.3159,0.5927,0.2721,50.0,0.0906,0.0574,0.2133,0.1175,0.1302,0.0941,0.2127,0.1174,50.0,0.109,0.0709,0.2213,0.143,0.1377,0.1244,0.2208,0.1428,1.0,50.0,0.044,0.0,0.0462,0.0,0.0439,0.0,0.0459,0.0,0.0344,0.0,0.5755,0.5852,1.0,50.0,0.0373,0.0,0.0431,0.0,0.0359,0.0,0.0425,0.0,0.0409,0.0,0.5782,0.5927,1.0,50.0,0.0402,0.0,0.0492,0.0,0.0386,0.0,0.0483,0.0,0.0447,0.0,0.5872,0.5986,22.0,0.0389,0.029,0.0777,0.0535,0.0439,0.0338,0.0744,0.0509,0.5852,0.2973,0.0133,-0.0114,0.0084,-0.0109
MATH Competition,3,NaturalQA_MMLU-Lite,4,437,50,1,437,50,200,3004,200,5,482.99,216.7457,50,22,3,0.0333,0.0084,0.0406,0.0092,0.0303,0.0071,0.0393,0.0092,0.5432,0.1306,0.1195,0.02,3,0.0431,0.0109,0.0371,0.0029,0.0766,0.0063,50,"{'GSM8K-Lite': 0.06613636363636365, 'NaturalQA': 0.19699233940244537, 'MMLU-Lite': 0.1455245091608728}",8.9585,2.0702,0.0588,0.0237,4.6012,2.0581,0.0586,0.0237,50,0.3601,0.1287,0.0585,0.0061,0.1875,0.1303,0.0583,0.0062,0.0578,0.0295,0.0558,0.0057,0.0509,0.0166,0.0556,0.0058,50,"{'GSM8K-Lite': 20, 'NaturalQA': 19, 'MMLU-Lite': 11}",0.1362,0.0538,8.9914,3.8121,0.0668,0.0087,4.3981,2.3515,0.0666,0.0091,50,3004.0,200.0,5.0,492.13,216.7457,50.0,22.0,0.03,0.023,0.0341,0.0272,0.0274,0.021,0.0318,0.026,0.5852,0.2973,25.0,0.0303,0.0279,0.0359,0.0284,0.0292,0.0232,0.0337,0.0262,0.5986,0.2535,68.0,0.3148,0.2584,0.3148,0.2584,0.5927,0.2721,22.0,3.0,0.0349,0.0043,0.289,0.1223,0.0967,0.0486,0.2881,0.1227,0.5432,0.1306,50.0,0.0856,0.0636,0.0779,0.0695,0.0546,0.0439,0.0778,0.0695,50.0,0.095,0.0815,0.0711,0.0563,0.0614,0.0455,0.071,0.0563,0.1213,0.0564,3.0,1.0,50.0,0.0291,0.0,0.0358,0.0,0.0322,0.0,0.0359,0.0,0.0281,0.0,0.5836,0.5852,1.0,50.0,0.036,0.0,0.0353,0.0,0.0336,0.0,0.0353,0.0,0.0301,0.0,0.6006,0.5927,1.0,50.0,0.0314,0.0,0.0303,0.0,0.0272,0.0,0.0303,0.0,0.0339,0.0,0.6,0.5986,0.0446,0.0115,0.0371,0.0029,0.0766,0.0063,50.0,"{'GSM8K-Lite': 0.06613636363636365, 'NaturalQA': 0.19699233940244537, 'MMLU-Lite': 0.1455245091608728}",8.9585,2.0702,0.0453,0.0047,4.3,1.052,0.0453,0.0046,50.0,0.3679,0.1489,0.0554,0.0095,0.1971,0.1081,0.0553,0.0094,0.0666,0.0143,0.0609,0.0105,0.0576,0.0135,0.0607,0.0107,50.0,"{'GSM8K-Lite': 20, 'NaturalQA': 19, 'MMLU-Lite': 11}",0.1362,0.0538,8.9914,3.8121,0.0569,0.0098,4.1549,1.4182,0.0565,0.0097,50.0,22.0,0.03,0.023,0.0341,0.0272,0.0274,0.021,0.0318,0.026,0.5852,0.2973,22.0,0.0293,0.0221,0.0718,0.0484,0.0246,0.0178,0.0644,0.0444,0.5852,0.2973,25.0,0.0444,0.035,0.0563,0.0462,0.0419,0.031,0.0534,0.0414,0.5986,0.2535,68.0,0.386,0.3258,0.386,0.3258,0.5927,0.2721,50.0,0.084,0.0645,0.1112,0.0739,0.0732,0.0371,0.1111,0.0738,50.0,0.0956,0.0647,0.1123,0.078,0.0758,0.0573,0.1122,0.0779,1.0,50.0,0.0291,0.0,0.0294,0.0,0.0284,0.0,0.0296,0.0,0.0281,0.0,0.5836,0.5852,1.0,50.0,0.036,0.0,0.0323,0.0,0.0328,0.0,0.0324,0.0,0.0301,0.0,0.6006,0.5927,1.0,50.0,0.0314,0.0,0.033,0.0,0.0294,0.0,0.0331,0.0,0.0339,0.0,0.6,0.5986,22.0,0.0293,0.0221,0.0718,0.0484,0.0246,0.0178,0.0644,0.0444,0.5852,0.2973,0.0006,-0.0377,0.0028,-0.0326
MATH Competition,4,NaturalQA_MMLU-Lite_NarrativeQA,5,437,50,1,437,50,250,3474,250,5,492.37,406.8992,50,22,4,0.0298,0.0068,0.1346,0.0564,0.0448,0.0207,0.1311,0.0546,0.5877,0.1369,0.1125,0.0543,4,0.042,0.0126,0.0579,0.0211,0.0895,0.0371,50,"{'GSM8K-Lite': 0.062387700534759345, 'NaturalQA': 0.09838737469944768, 'MMLU-Lite': 0.10205226871893537, 'NarrativeQA': 0.11734187788290558}",6.6636,4.8116,0.1488,0.0647,2.9141,2.3567,0.1473,0.064,50,0.4416,0.1637,0.1276,0.0825,0.2686,0.1159,0.1268,0.082,0.0738,0.0297,0.1436,0.0824,0.0995,0.0537,0.1423,0.0816,50,"{'GSM8K-Lite': 17, 'NaturalQA': 16, 'MMLU-Lite': 9, 'NarrativeQA': 8}",0.095,0.0201,5.7937,3.1582,0.1521,0.1126,2.7623,1.787,0.1506,0.1112,50,3474.0,250.0,5.0,579.93,406.8992,50.0,22.0,0.0262,0.0216,0.0517,0.0436,0.0239,0.0177,0.0481,0.0379,0.5852,0.2973,25.0,0.0393,0.0333,0.0462,0.0453,0.0341,0.0286,0.0437,0.0413,0.5986,0.2535,68.0,0.2849,0.2692,0.2849,0.2692,0.5927,0.2721,22.0,4.0,0.0328,0.0051,0.113,0.0404,0.0411,0.0085,0.1124,0.0413,0.5877,0.1369,50.0,0.0679,0.0411,0.0447,0.0262,0.0378,0.028,0.0447,0.0263,50.0,0.0815,0.0626,0.0465,0.0428,0.0509,0.0435,0.0465,0.0428,0.0802,0.0571,4.0,1.0,50.0,0.0432,0.0,0.0444,0.0,0.0412,0.0,0.0443,0.0,0.036,0.0,0.6009,0.5852,1.0,50.0,0.0497,0.0,0.0431,0.0,0.046,0.0,0.0433,0.0,0.0311,0.0,0.5974,0.5927,1.0,50.0,0.0479,0.0,0.0445,0.0,0.0446,0.0,0.0445,0.0,0.0314,0.0,0.6016,0.5986,0.0365,0.0087,0.0579,0.0211,0.0895,0.0371,50.0,"{'GSM8K-Lite': 0.06238770053475933, 'NaturalQA': 0.09838737469944768, 'MMLU-Lite': 0.1020522687189354, 'NarrativeQA': 0.11734187788290558}",6.6636,4.8116,0.0705,0.0265,3.4831,2.3386,0.0701,0.0264,50.0,0.4418,0.1891,0.0563,0.0158,0.2615,0.1532,0.0559,0.0159,0.0655,0.0174,0.056,0.0039,0.0588,0.0123,0.0559,0.004,50.0,"{'GSM8K-Lite': 17, 'NaturalQA': 16, 'MMLU-Lite': 9, 'NarrativeQA': 8}",0.095,0.0201,5.7937,3.1582,0.0628,0.0138,3.2457,1.6724,0.0625,0.0137,50.0,22.0,0.0262,0.0216,0.0517,0.0436,0.0239,0.0177,0.0481,0.0379,0.5852,0.2973,22.0,0.058,0.0431,0.069,0.0434,0.049,0.0385,0.0598,0.0383,0.5852,0.2973,25.0,0.0359,0.0277,0.0587,0.0498,0.0293,0.0252,0.053,0.0445,0.5986,0.2535,68.0,0.404,0.3259,0.404,0.3259,0.5927,0.2721,50.0,0.1268,0.0843,0.1642,0.1194,0.1017,0.0708,0.1639,0.1191,50.0,0.1382,0.0828,0.1422,0.1077,0.093,0.0705,0.1418,0.1076,1.0,50.0,0.0432,0.0,0.0391,0.0,0.0376,0.0,0.0393,0.0,0.036,0.0,0.6009,0.5852,1.0,50.0,0.0497,0.0,0.0379,0.0,0.0427,0.0,0.038,0.0,0.0311,0.0,0.5974,0.5927,1.0,50.0,0.0479,0.0,0.0404,0.0,0.0403,0.0,0.0406,0.0,0.0314,0.0,0.6016,0.5986,22.0,0.058,0.0431,0.069,0.0434,0.049,0.0385,0.0598,0.0383,0.5852,0.2973,-0.0318,-0.0173,-0.0251,-0.0118
MATH Competition,5,NaturalQA_MMLU-Lite_NarrativeQA_WMT-14 Translation,6,437,50,1,437,50,300,8474,300,5,558.69,597.0748,50,22,5,0.0322,0.0138,0.3247,0.1548,0.0675,0.0426,0.3115,0.1545,0.5007,0.2127,0.1251,0.0852,5,0.0343,0.0093,0.0384,0.0112,0.1219,0.0625,50,"{'GSM8K-Lite': 0.09480303030303033, 'NaturalQA': 0.09311780580939288, 'MMLU-Lite': 0.32736091069424406, 'NarrativeQA': 0.255181636566903, 'WMT-14 Translation': 0.016621048656046973}",2.6182,1.4036,0.345,0.2068,1.3926,1.2004,0.3425,0.2068,50,0.4416,0.2515,0.3351,0.199,0.3772,0.2165,0.3327,0.1981,0.08,0.0531,0.3764,0.2135,0.1468,0.0448,0.3761,0.2138,50,"{'GSM8K-Lite': 6, 'NaturalQA': 6, 'MMLU-Lite': 4, 'NarrativeQA': 3, 'WMT-14 Translation': 31}",0.1574,0.1152,2.9305,1.0552,0.3591,0.1786,1.2823,0.9359,0.356,0.177,50,8474.0,300.0,5.0,692.98,597.0748,50.0,22.0,0.03,0.0243,0.0915,0.0846,0.0264,0.0168,0.0783,0.0747,0.5852,0.2973,25.0,0.0481,0.037,0.089,0.082,0.0427,0.0402,0.0764,0.0738,0.5986,0.2535,68.0,0.3426,0.2566,0.3426,0.2566,0.5927,0.2721,22.0,5.0,0.0289,0.009,0.3273,0.2347,0.098,0.0572,0.3266,0.2353,0.5007,0.2127,50.0,0.1139,0.0689,0.0849,0.0591,0.0631,0.0467,0.0839,0.059,50.0,0.1194,0.0684,0.0822,0.0604,0.0623,0.0466,0.0816,0.0602,0.0933,0.0521,5.0,1.0,50.0,0.0377,0.0,0.0358,0.0,0.0345,0.0,0.0358,0.0,0.0369,0.0,0.6173,0.5852,1.0,50.0,0.0466,0.0,0.0477,0.0,0.0446,0.0,0.0479,0.0,0.0356,0.0,0.5988,0.5927,1.0,50.0,0.0325,0.0,0.0329,0.0,0.0315,0.0,0.0327,0.0,0.039,0.0,0.6232,0.5986,0.0333,0.0097,0.0384,0.0112,0.1219,0.0625,50.0,"{'GSM8K-Lite': 0.09480303030303033, 'NaturalQA': 0.09311780580939287, 'MMLU-Lite': 0.32736091069424395, 'NarrativeQA': 0.25518163656690296, 'WMT-14 Translation': 0.016621048656046973}",2.6182,1.4036,0.0927,0.0665,1.3018,1.1437,0.0924,0.0666,50.0,0.4364,0.2537,0.1342,0.0673,0.2473,0.2204,0.1336,0.0671,0.091,0.0609,0.2078,0.1875,0.0777,0.0331,0.2078,0.1875,50.0,"{'GSM8K-Lite': 6, 'NaturalQA': 6, 'MMLU-Lite': 4, 'NarrativeQA': 3, 'WMT-14 Translation': 31}",0.1574,0.1152,2.9305,1.0552,0.0872,0.043,1.287,0.6236,0.087,0.0428,50.0,22.0,0.03,0.0243,0.0915,0.0846,0.0264,0.0168,0.0783,0.0747,0.5852,0.2973,22.0,0.0462,0.0335,0.1465,0.0885,0.0412,0.0269,0.1322,0.0793,0.5852,0.2973,25.0,0.0279,0.0217,0.1555,0.0773,0.0304,0.0209,0.1423,0.0706,0.5986,0.2535,68.0,0.4468,0.2837,0.4468,0.2837,0.5927,0.2721,50.0,0.0731,0.0332,0.0524,0.0309,0.0588,0.0299,0.0524,0.031,50.0,0.0889,0.053,0.0659,0.0459,0.0741,0.0471,0.0659,0.0458,1.0,50.0,0.0377,0.0,0.046,0.0,0.0415,0.0,0.0461,0.0,0.0369,0.0,0.6173,0.5852,1.0,50.0,0.0466,0.0,0.0487,0.0,0.0466,0.0,0.0486,0.0,0.0356,0.0,0.5988,0.5927,1.0,50.0,0.0325,0.0,0.0386,0.0,0.0343,0.0,0.0387,0.0,0.039,0.0,0.6232,0.5986,22.0,0.0462,0.0335,0.1465,0.0885,0.0412,0.0269,0.1322,0.0793,0.5852,0.2973,-0.0162,-0.055,-0.0148,-0.0539
MATH Competition,6,NaturalQA_MMLU-Lite_NarrativeQA_WMT-14 Translation_MedQA,7,437,50,1,437,50,350,9474,350,5,852.33,817.567,50,22,6,0.0339,0.0079,0.2512,0.1489,0.0499,0.0147,0.2409,0.1495,0.5153,0.1969,0.0822,0.0568,6,0.0349,0.0166,0.0392,0.0182,0.1504,0.0866,50,"{'GSM8K-Lite': 0.07680303030303032, 'NaturalQA': 0.09489915122139347, 'MMLU-Lite': 0.24659291325957994, 'NarrativeQA': 0.17078798750631807, 'WMT-14 Translation': 0.014637876596120415, 'MedQA': 0.1805}",2.2079,1.2261,0.3116,0.1954,1.1019,0.8663,0.3102,0.1947,50,0.458,0.226,0.2918,0.164,0.359,0.1924,0.2904,0.1631,0.09,0.0449,0.2874,0.1889,0.1358,0.0834,0.2869,0.1891,50,"{'GSM8K-Lite': 6, 'NaturalQA': 5, 'MMLU-Lite': 3, 'NarrativeQA': 3, 'WMT-14 Translation': 28, 'MedQA': 5}",0.1307,0.0766,2.3658,0.9562,0.2893,0.1723,1.1652,0.9183,0.2875,0.1709,50,9474.0,350.0,5.0,797.09,817.567,50.0,22.0,0.0573,0.0385,0.0471,0.0395,0.0537,0.0368,0.0476,0.0397,0.5852,0.2973,25.0,0.0492,0.0395,0.0659,0.0483,0.0464,0.0387,0.0666,0.048,0.5986,0.2535,68.0,0.3766,0.2584,0.3766,0.2584,0.5927,0.2721,22.0,6.0,0.0307,0.0092,0.2906,0.2017,0.0738,0.0576,0.2891,0.2026,0.5153,0.1969,50.0,0.0335,0.0239,0.0523,0.0286,0.0268,0.0231,0.0519,0.0285,50.0,0.0433,0.0321,0.0416,0.0321,0.0328,0.0263,0.0414,0.0321,0.1042,0.0661,6.0,1.0,50.0,0.0424,0.0,0.0532,0.0,0.041,0.0,0.0525,0.0,0.0473,0.0,0.6255,0.5852,1.0,50.0,0.0494,0.0,0.0401,0.0,0.0401,0.0,0.0399,0.0,0.0407,0.0,0.5671,0.5927,1.0,50.0,0.0486,0.0,0.049,0.0,0.0435,0.0,0.0484,0.0,0.0567,0.0,0.6432,0.5986,0.0409,0.0231,0.0392,0.0182,0.1504,0.0866,50.0,"{'GSM8K-Lite': 0.07680303030303032, 'NaturalQA': 0.09489915122139347, 'MMLU-Lite': 0.2465929132595799, 'NarrativeQA': 0.1707879875063181, 'WMT-14 Translation': 0.014637876596120413, 'MedQA': 0.18049999999999997}",2.2079,1.2261,0.3467,0.1542,0.8966,0.5828,0.3451,0.1541,50.0,0.4581,0.2223,0.3054,0.1344,0.3736,0.1941,0.3036,0.1333,0.1037,0.0555,0.3449,0.1696,0.1701,0.0981,0.3443,0.1696,50.0,"{'GSM8K-Lite': 6, 'NaturalQA': 5, 'MMLU-Lite': 3, 'NarrativeQA': 3, 'WMT-14 Translation': 28, 'MedQA': 5}",0.1307,0.0766,2.3658,0.9562,0.3315,0.1457,1.0658,0.5996,0.3292,0.1446,50.0,22.0,0.0573,0.0385,0.0471,0.0395,0.0537,0.0368,0.0476,0.0397,0.5852,0.2973,22.0,0.0379,0.035,0.1,0.0718,0.0344,0.031,0.0907,0.0627,0.5852,0.2973,25.0,0.0524,0.0462,0.1053,0.0605,0.0485,0.0461,0.0968,0.0571,0.5986,0.2535,68.0,0.4283,0.3131,0.4283,0.3131,0.5927,0.2721,50.0,0.0795,0.0666,0.0902,0.0695,0.0836,0.0663,0.0901,0.0695,50.0,0.0927,0.0766,0.1029,0.0811,0.0934,0.0743,0.1029,0.0811,1.0,50.0,0.0424,0.0,0.0461,0.0,0.0417,0.0,0.0455,0.0,0.0473,0.0,0.6255,0.5852,1.0,50.0,0.0494,0.0,0.0415,0.0,0.0435,0.0,0.0418,0.0,0.0407,0.0,0.5671,0.5927,1.0,50.0,0.0486,0.0,0.0446,0.0,0.0449,0.0,0.0439,0.0,0.0567,0.0,0.6432,0.5986,22.0,0.0379,0.035,0.1,0.0718,0.0344,0.031,0.0907,0.0627,0.5852,0.2973,0.0195,-0.053,0.0192,-0.0431
MATH Competition,7,NaturalQA_MMLU-Lite_NarrativeQA_WMT-14 Translation_MedQA_OpenBookQA,8,437,50,1,437,50,400,9974,400,5,523.08,1069.3005,50,22,7,0.0329,0.0078,0.2994,0.1734,0.0601,0.0337,0.2885,0.1676,0.5581,0.2103,0.1002,0.079,7,0.0462,0.0144,0.0419,0.0188,0.1377,0.0622,50,"{'GSM8K-Lite': 0.18122727272727274, 'NaturalQA': 0.13427143442800224, 'MMLU-Lite': 0.22887606220939558, 'NarrativeQA': 0.1317345368517913, 'WMT-14 Translation': 0.02141492483140476, 'MedQA': 0.1389545454545455, 'OpenBookQA': 0.10384848484848487}",2.0739,1.3153,0.3417,0.2098,0.8944,0.604,0.3398,0.2086,50,0.5055,0.2426,0.3234,0.2046,0.4163,0.2115,0.322,0.2034,0.1087,0.0526,0.3526,0.2266,0.1495,0.0792,0.3521,0.2268,50,"{'GSM8K-Lite': 5, 'NaturalQA': 5, 'MMLU-Lite': 3, 'NarrativeQA': 3, 'WMT-14 Translation': 26, 'MedQA': 5, 'OpenBookQA': 3}",0.1343,0.0596,1.9759,0.8877,0.3442,0.2125,0.8847,0.5057,0.3422,0.2109,50,9974.0,400.0,5.0,716.26,1069.3005,50.0,22.0,0.0441,0.0461,0.2197,0.0921,0.0404,0.0484,0.2014,0.0856,0.5852,0.2973,25.0,0.0492,0.0426,0.2395,0.0945,0.0629,0.0348,0.2226,0.0885,0.5986,0.2535,68.0,0.4881,0.2603,0.4881,0.2603,0.5927,0.2721,22.0,7.0,0.0325,0.0095,0.407,0.1999,0.0548,0.0291,0.4067,0.2011,0.5581,0.2103,50.0,0.0877,0.048,0.1084,0.0813,0.0977,0.0532,0.1085,0.0814,50.0,0.0968,0.0616,0.099,0.0687,0.0937,0.057,0.0992,0.0687,0.1188,0.0628,7.0,1.0,50.0,0.0293,0.0,0.0269,0.0,0.0272,0.0,0.027,0.0,0.0294,0.0,0.5709,0.5852,1.0,50.0,0.0429,0.0,0.0471,0.0,0.044,0.0,0.0468,0.0,0.0446,0.0,0.6065,0.5927,1.0,50.0,0.0335,0.0,0.0295,0.0,0.0276,0.0,0.0292,0.0,0.0367,0.0,0.5912,0.5986,0.0457,0.0132,0.0419,0.0188,0.1377,0.0622,50.0,"{'GSM8K-Lite': 0.18122727272727276, 'NaturalQA': 0.13427143442800227, 'MMLU-Lite': 0.22887606220939552, 'NarrativeQA': 0.1317345368517913, 'WMT-14 Translation': 0.021414924831404763, 'MedQA': 0.13895454545454544, 'OpenBookQA': 0.10384848484848487}",2.0739,1.3153,0.3099,0.1952,0.8821,0.7844,0.3086,0.1944,50.0,0.5048,0.2451,0.2772,0.1662,0.3573,0.2074,0.2765,0.1654,0.1141,0.0623,0.3336,0.2041,0.1336,0.0626,0.3334,0.2042,50.0,"{'GSM8K-Lite': 5, 'NaturalQA': 5, 'MMLU-Lite': 3, 'NarrativeQA': 3, 'WMT-14 Translation': 26, 'MedQA': 5, 'OpenBookQA': 3}",0.1343,0.0596,1.9759,0.8877,0.3293,0.1816,0.9153,0.6899,0.3273,0.1797,50.0,22.0,0.0441,0.0461,0.2197,0.0921,0.0404,0.0484,0.2014,0.0856,0.5852,0.2973,22.0,0.0365,0.0291,0.1035,0.0683,0.0324,0.0255,0.0967,0.0653,0.5852,0.2973,25.0,0.0432,0.0355,0.1039,0.063,0.0344,0.0312,0.0988,0.0583,0.5986,0.2535,68.0,0.4207,0.3187,0.4207,0.3187,0.5927,0.2721,50.0,0.0779,0.0569,0.1196,0.0771,0.0961,0.0682,0.1204,0.0775,50.0,0.086,0.065,0.1204,0.0756,0.0987,0.0676,0.1212,0.0758,1.0,50.0,0.0293,0.0,0.0257,0.0,0.0259,0.0,0.0255,0.0,0.0294,0.0,0.5709,0.5852,1.0,50.0,0.0429,0.0,0.0437,0.0,0.0417,0.0,0.0442,0.0,0.0446,0.0,0.6065,0.5927,1.0,50.0,0.0335,0.0,0.0346,0.0,0.0295,0.0,0.0334,0.0,0.0367,0.0,0.5912,0.5986,22.0,0.0365,0.0291,0.1035,0.0683,0.0324,0.0255,0.0967,0.0653,0.5852,0.2973,0.0076,0.1162,0.008,0.1046
MATH Competition,8,NaturalQA_MMLU-Lite_NarrativeQA_WMT-14 Translation_MedQA_OpenBookQA_LegalBench,9,437,50,1,437,50,450,12021,450,5,889.39,1355.9802,50,22,8,0.0381,0.0127,0.2699,0.1828,0.0591,0.0425,0.2609,0.1781,0.5544,0.1969,0.0831,0.0408,8,0.0417,0.0157,0.043,0.0177,0.1786,0.0789,50,"{'GSM8K-Lite': 0.1995, 'NaturalQA': 0.25107873274307957, 'MMLU-Lite': 0.20827320827320828, 'NarrativeQA': 0.10616179127804926, 'WMT-14 Translation': 0.024272170288965996, 'MedQA': 0.19731818181818178, 'OpenBookQA': 0.40827272727272723, 'LegalBench': 0.11231760694388931}",1.6924,1.4735,0.3895,0.21,0.6577,0.8263,0.3882,0.2093,50,0.4792,0.2161,0.3472,0.1788,0.3974,0.1698,0.3462,0.1778,0.0495,0.0442,0.3949,0.2063,0.2153,0.0322,0.3947,0.2064,50,"{'GSM8K-Lite': 4, 'NaturalQA': 4, 'MMLU-Lite': 3, 'NarrativeQA': 2, 'WMT-14 Translation': 22, 'MedQA': 4, 'OpenBookQA': 2, 'LegalBench': 9}",0.1884,0.1074,1.8805,1.0909,0.3897,0.1846,0.6949,0.6095,0.3882,0.1846,50,12021.0,450.0,5.0,1131.49,1355.9802,50.0,22.0,0.0379,0.0299,0.1072,0.0639,0.0332,0.0296,0.0967,0.0586,0.5852,0.2973,25.0,0.0488,0.0307,0.1108,0.0654,0.0448,0.024,0.0996,0.0586,0.5986,0.2535,68.0,0.3183,0.2471,0.3183,0.2471,0.5927,0.2721,22.0,8.0,0.035,0.011,0.1045,0.0717,0.0361,0.0074,0.1023,0.0698,0.5544,0.1969,50.0,0.049,0.0312,0.0388,0.0267,0.0319,0.022,0.0388,0.0266,50.0,0.0745,0.0463,0.0391,0.0304,0.0509,0.0331,0.039,0.0304,0.0521,0.0235,8.0,1.0,50.0,0.037,0.0,0.0409,0.0,0.0378,0.0,0.0408,0.0,0.0308,0.0,0.5982,0.5852,1.0,50.0,0.0449,0.0,0.0399,0.0,0.0418,0.0,0.04,0.0,0.0366,0.0,0.5906,0.5927,1.0,50.0,0.0356,0.0,0.0353,0.0,0.0338,0.0,0.0353,0.0,0.0299,0.0,0.6112,0.5986,0.037,0.0097,0.043,0.0177,0.1786,0.0789,50.0,"{'GSM8K-Lite': 0.1995, 'NaturalQA': 0.2510787327430796, 'MMLU-Lite': 0.20827320827320828, 'NarrativeQA': 0.10616179127804926, 'WMT-14 Translation': 0.024272170288965996, 'MedQA': 0.19731818181818178, 'OpenBookQA': 0.40827272727272723, 'LegalBench': 0.11231760694388933}",1.6924,1.4735,0.1135,0.0378,0.6902,0.8389,0.1133,0.0378,50.0,0.5034,0.2246,0.0919,0.0424,0.2838,0.1858,0.0914,0.0421,0.069,0.0571,0.1316,0.071,0.0703,0.0264,0.1316,0.071,50.0,"{'GSM8K-Lite': 4, 'NaturalQA': 4, 'MMLU-Lite': 3, 'NarrativeQA': 2, 'WMT-14 Translation': 22, 'MedQA': 4, 'OpenBookQA': 2, 'LegalBench': 9}",0.1884,0.1074,1.8805,1.0909,0.0905,0.0282,0.7488,0.491,0.0902,0.0283,50.0,22.0,0.0379,0.0299,0.1072,0.0639,0.0332,0.0296,0.0967,0.0586,0.5852,0.2973,22.0,0.0481,0.0392,0.1145,0.063,0.0466,0.0379,0.1058,0.057,0.5852,0.2973,25.0,0.0387,0.0342,0.1035,0.063,0.0365,0.0332,0.0965,0.0583,0.5986,0.2535,68.0,0.3936,0.2987,0.3936,0.2987,0.5927,0.2721,50.0,0.0767,0.0391,0.0697,0.0376,0.0713,0.037,0.0696,0.0376,50.0,0.0897,0.0468,0.0886,0.0497,0.0886,0.0443,0.0886,0.0497,1.0,50.0,0.037,0.0,0.0354,0.0,0.0355,0.0,0.0352,0.0,0.0308,0.0,0.5982,0.5852,1.0,50.0,0.0449,0.0,0.0433,0.0,0.0428,0.0,0.0433,0.0,0.0366,0.0,0.5906,0.5927,1.0,50.0,0.0356,0.0,0.0331,0.0,0.0306,0.0,0.033,0.0,0.0299,0.0,0.6112,0.5986,22.0,0.0481,0.0392,0.1145,0.063,0.0466,0.0379,0.1058,0.057,0.5852,0.2973,-0.0102,-0.0072,-0.0135,-0.0091
