target_dataset,distance,chain,n_datasets_in_training,target_n_questions,n_anchors_per_dataset,n_base_datasets,cost_full_eval_target,cost_fixed_target_anchors,cost_concurrent_all_anchors,fixed_n_items,fixed_n_anchors,fixed_best_dimension,fixed_training_time_sec,fixed_cumulative_chain_time,fixed_min_anchors_per_eval_dataset,fixed_new_model_new_data_n_models,fixed_new_model_new_data_anchor_error_mean,fixed_new_model_new_data_anchor_error_std,fixed_new_model_new_data_irt_error_mean,fixed_new_model_new_data_irt_error_std,fixed_new_model_new_data_gp_irt_error_mean,fixed_new_model_new_data_gp_irt_error_std,fixed_new_model_new_data_pirt_error_mean,fixed_new_model_new_data_pirt_error_std,fixed_new_model_new_data_true_perf_mean,fixed_new_model_new_data_true_perf_std,fixed_old_model_new_data_n_models,fixed_old_model_new_data_anchor_error_mean,fixed_old_model_new_data_anchor_error_std,fixed_old_model_new_data_irt_error_mean,fixed_old_model_new_data_irt_error_std,fixed_old_model_new_data_gp_irt_error_mean,fixed_old_model_new_data_gp_irt_error_std,fixed_old_model_new_data_pirt_error_mean,fixed_old_model_new_data_pirt_error_std,fixed_old_model_new_data_true_perf_mean,fixed_old_model_new_data_true_perf_std,fixed_new_model_old_data_n_models,fixed_new_model_old_data_n_datasets,fixed_new_model_old_data_anchor_error_mean,fixed_new_model_old_data_anchor_error_std,fixed_new_model_old_data_irt_error_mean,fixed_new_model_old_data_irt_error_std,fixed_new_model_old_data_gp_irt_error_mean,fixed_new_model_old_data_gp_irt_error_std,fixed_new_model_old_data_pirt_error_mean,fixed_new_model_old_data_pirt_error_std,fixed_new_model_old_data_true_perf_mean,fixed_new_model_old_data_true_perf_std,fixed_n_seeds,fixed_n_random_questions,fixed_random_anchor_error_mean,fixed_random_anchor_error_std,fixed_random_irt_error_mean,fixed_random_irt_error_std,fixed_random_gp_irt_error_mean,fixed_random_gp_irt_error_std,fixed_random_pirt_error_mean,fixed_random_pirt_error_std,fixed_simple_random_error_mean,fixed_simple_random_error_std,fixed_simple_random_prediction_mean,fixed_simple_random_true_perf_mean,fixed_old_model_new_data_n_seeds,fixed_old_model_new_data_n_random_questions,fixed_old_model_new_data_random_anchor_error_mean,fixed_old_model_new_data_random_anchor_error_std,fixed_old_model_new_data_random_irt_error_mean,fixed_old_model_new_data_random_irt_error_std,fixed_old_model_new_data_random_gp_irt_error_mean,fixed_old_model_new_data_random_gp_irt_error_std,fixed_old_model_new_data_random_pirt_error_mean,fixed_old_model_new_data_random_pirt_error_std,fixed_old_model_new_data_simple_random_error_mean,fixed_old_model_new_data_simple_random_error_std,fixed_old_model_new_data_simple_random_prediction_mean,fixed_old_model_new_data_simple_random_true_perf_mean,fixed_new_model_old_data_random_gp_irt_error_mean,fixed_new_model_old_data_random_gp_irt_error_std,fixed_new_model_old_data_simple_random_error_mean,fixed_new_model_old_data_simple_random_error_std,fixed_new_model_old_data_pooled_simple_random_error_mean,fixed_new_model_old_data_pooled_simple_random_error_std,fixed_new_model_old_data_n_pooled_anchors,fixed_new_model_old_data_per_dataset_errors,fixed_new_model_old_data_proportional_random_error_mean,fixed_new_model_old_data_proportional_random_error_std,fixed_new_model_old_data_n_proportional_anchors,fixed_new_model_old_data_allocation,fixed_n_test_models,fixed_anchor_error_mean,fixed_anchor_error_std,fixed_irt_error_mean,fixed_irt_error_std,fixed_gp_irt_error_mean,fixed_gp_irt_error_std,fixed_pirt_error_mean,fixed_pirt_error_std,fixed_true_performance_mean,fixed_true_performance_std,concurrent_n_items,concurrent_n_anchors,concurrent_best_dimension,concurrent_training_time_sec,concurrent_cumulative_chain_time,concurrent_min_anchors_per_eval_dataset,concurrent_new_model_new_data_n_models,concurrent_new_model_new_data_anchor_error_mean,concurrent_new_model_new_data_anchor_error_std,concurrent_new_model_new_data_irt_error_mean,concurrent_new_model_new_data_irt_error_std,concurrent_new_model_new_data_gp_irt_error_mean,concurrent_new_model_new_data_gp_irt_error_std,concurrent_new_model_new_data_pirt_error_mean,concurrent_new_model_new_data_pirt_error_std,concurrent_new_model_new_data_true_perf_mean,concurrent_new_model_new_data_true_perf_std,concurrent_old_model_new_data_n_models,concurrent_old_model_new_data_anchor_error_mean,concurrent_old_model_new_data_anchor_error_std,concurrent_old_model_new_data_irt_error_mean,concurrent_old_model_new_data_irt_error_std,concurrent_old_model_new_data_gp_irt_error_mean,concurrent_old_model_new_data_gp_irt_error_std,concurrent_old_model_new_data_pirt_error_mean,concurrent_old_model_new_data_pirt_error_std,concurrent_old_model_new_data_true_perf_mean,concurrent_old_model_new_data_true_perf_std,concurrent_new_model_old_data_n_models,concurrent_new_model_old_data_n_datasets,concurrent_new_model_old_data_anchor_error_mean,concurrent_new_model_old_data_anchor_error_std,concurrent_new_model_old_data_irt_error_mean,concurrent_new_model_old_data_irt_error_std,concurrent_new_model_old_data_gp_irt_error_mean,concurrent_new_model_old_data_gp_irt_error_std,concurrent_new_model_old_data_pirt_error_mean,concurrent_new_model_old_data_pirt_error_std,concurrent_new_model_old_data_true_perf_mean,concurrent_new_model_old_data_true_perf_std,concurrent_n_seeds,concurrent_n_random_questions,concurrent_random_anchor_error_mean,concurrent_random_anchor_error_std,concurrent_random_irt_error_mean,concurrent_random_irt_error_std,concurrent_random_gp_irt_error_mean,concurrent_random_gp_irt_error_std,concurrent_random_pirt_error_mean,concurrent_random_pirt_error_std,concurrent_simple_random_error_mean,concurrent_simple_random_error_std,concurrent_simple_random_prediction_mean,concurrent_simple_random_true_perf_mean,concurrent_old_model_new_data_n_seeds,concurrent_old_model_new_data_n_random_questions,concurrent_old_model_new_data_random_anchor_error_mean,concurrent_old_model_new_data_random_anchor_error_std,concurrent_old_model_new_data_random_irt_error_mean,concurrent_old_model_new_data_random_irt_error_std,concurrent_old_model_new_data_random_gp_irt_error_mean,concurrent_old_model_new_data_random_gp_irt_error_std,concurrent_old_model_new_data_random_pirt_error_mean,concurrent_old_model_new_data_random_pirt_error_std,concurrent_old_model_new_data_simple_random_error_mean,concurrent_old_model_new_data_simple_random_error_std,concurrent_old_model_new_data_simple_random_prediction_mean,concurrent_old_model_new_data_simple_random_true_perf_mean,concurrent_new_model_old_data_random_gp_irt_error_mean,concurrent_new_model_old_data_random_gp_irt_error_std,concurrent_new_model_old_data_simple_random_error_mean,concurrent_new_model_old_data_simple_random_error_std,concurrent_new_model_old_data_pooled_simple_random_error_mean,concurrent_new_model_old_data_pooled_simple_random_error_std,concurrent_new_model_old_data_n_pooled_anchors,concurrent_new_model_old_data_per_dataset_errors,concurrent_new_model_old_data_proportional_random_error_mean,concurrent_new_model_old_data_proportional_random_error_std,concurrent_new_model_old_data_n_proportional_anchors,concurrent_new_model_old_data_allocation,concurrent_n_test_models,concurrent_anchor_error_mean,concurrent_anchor_error_std,concurrent_irt_error_mean,concurrent_irt_error_std,concurrent_gp_irt_error_mean,concurrent_gp_irt_error_std,concurrent_pirt_error_mean,concurrent_pirt_error_std,concurrent_true_performance_mean,concurrent_true_performance_std,delta_anchor_error,delta_irt_error,delta_gp_irt_error,delta_pirt_error
CivilComments,0,direct,2,8480,25,1,8480,25,50,8980,50,5,117.49,0.0,25,17,0.0564,0.0453,0.0761,0.0524,0.0735,0.0473,0.076,0.0523,0.5183,0.1989,50,0.0526,0.0446,0.0526,0.0368,0.0506,0.0362,0.0525,0.0368,0.5683,0.201,17,1,0.0805,0.0,0.1391,0.0,0.0931,0.0,0.1393,0.0,0.5778,0.0,1,25,0.0539,0.0,0.0761,0.0,0.0716,0.0,0.0759,0.0,0.0694,0.0,0.5247,0.5183,1,25,0.0544,0.0,0.0526,0.0,0.0489,0.0,0.0524,0.0,0.0735,0.0,0.592,0.5683,0.0899,0.0,0.0752,0.0,0.0651,0.0,25,{'DyckLanguage': 0.07211764705882354},0.0721,0.0,25,{'DyckLanguage': 25},17,0.0564,0.0453,0.0761,0.0524,0.0735,0.0473,0.076,0.0523,0.5183,0.1989,8980,50,5,196.1,0.0,25,17,0.0606,0.0535,0.0588,0.0473,0.0588,0.047,0.0588,0.0472,0.5183,0.1989,50,0.0471,0.04,0.0387,0.0278,0.0392,0.0282,0.0387,0.0278,0.5683,0.201,17,1,0.0805,0.0,0.0725,0.0,0.0746,0.0,0.072,0.0,0.5778,0.0,1,25,0.0539,0.0,0.0588,0.0,0.0552,0.0,0.0585,0.0,0.0694,0.0,0.5247,0.5183,1,25,0.0544,0.0,0.0387,0.0,0.0371,0.0,0.0386,0.0,0.0735,0.0,0.592,0.5683,0.0649,0.0,0.0752,0.0,0.0651,0.0,25,{'DyckLanguage': 0.07211764705882354},0.0721,0.0,25,{'DyckLanguage': 25},17,0.0606,0.0535,0.0588,0.0473,0.0588,0.047,0.0588,0.0472,0.5183,0.1989,-0.0042,0.0173,0.0146,0.0172
CivilComments,1,LSAT,3,8480,25,1,8480,25,75,9441,75,5,143.36,53.6243,25,17,0.0594,0.0478,0.1102,0.0843,0.0992,0.0787,0.1098,0.0842,0.5183,0.1989,50,0.0473,0.0449,0.1026,0.06,0.0934,0.0558,0.1023,0.0599,0.5683,0.201,17,2,0.061,0.0195,0.1629,0.0178,0.082,0.0103,0.1609,0.0166,0.392,0.1858,1,25,0.1114,0.0,0.1102,0.0,0.1085,0.0,0.1101,0.0,0.0659,0.0,0.5341,0.5183,1,25,0.089,0.0,0.1026,0.0,0.1003,0.0,0.1024,0.0,0.0603,0.0,0.592,0.5683,0.0948,0.0163,0.0545,0.0044,0.1027,0.0052,25,"{'DyckLanguage': 0.14920361990950226, 'LSAT': 0.1204436221343201}",0.1348,0.0144,25,"{'DyckLanguage': 13, 'LSAT': 12}",17,0.0594,0.0478,0.1102,0.0843,0.0992,0.0787,0.1098,0.0842,0.5183,0.1989,9441,75,5,204.58,53.6243,25,17,0.0404,0.0406,0.0533,0.0426,0.0498,0.0383,0.0532,0.0425,0.5183,0.1989,50,0.0414,0.0329,0.0402,0.034,0.0391,0.0327,0.0401,0.034,0.5683,0.201,17,2,0.061,0.0195,0.052,0.0083,0.0556,0.016,0.0518,0.0088,0.392,0.1858,1,25,0.1114,0.0,0.0533,0.0,0.0537,0.0,0.0533,0.0,0.0659,0.0,0.5341,0.5183,1,25,0.089,0.0,0.0402,0.0,0.0392,0.0,0.04,0.0,0.0603,0.0,0.592,0.5683,0.0407,0.0054,0.0545,0.0044,0.1027,0.0052,25,"{'DyckLanguage': 0.14920361990950223, 'LSAT': 0.1204436221343201}",0.1348,0.0144,25,"{'DyckLanguage': 13, 'LSAT': 12}",17,0.0404,0.0406,0.0533,0.0426,0.0498,0.0383,0.0532,0.0425,0.5183,0.1989,0.0191,0.0568,0.0494,0.0566
CivilComments,2,LSAT_GSM8K-Classic,4,8480,25,1,8480,25,100,10441,100,5,156.12,116.5643,25,17,0.0281,0.0326,0.1166,0.0811,0.109,0.0771,0.1164,0.0809,0.5183,0.1989,50,0.045,0.0395,0.0997,0.0703,0.0937,0.0654,0.0995,0.0701,0.5683,0.201,17,3,0.0569,0.0169,0.1818,0.0605,0.0873,0.0186,0.1823,0.0624,0.3059,0.1945,1,25,0.0666,0.0,0.1166,0.0,0.1147,0.0,0.1163,0.0,0.1288,0.0,0.5976,0.5183,1,25,0.057,0.0,0.0997,0.0,0.0982,0.0,0.0995,0.0,0.0864,0.0,0.6072,0.5683,0.1154,0.0212,0.0617,0.0111,0.1017,0.0344,25,"{'DyckLanguage': 0.13321568627450978, 'LSAT': 0.19835396197524563, 'GSM8K-Classic': 0.057058823529411766}",0.1295,0.0577,25,"{'DyckLanguage': 6, 'LSAT': 6, 'GSM8K-Classic': 13}",17,0.0281,0.0326,0.1166,0.0811,0.109,0.0771,0.1164,0.0809,0.5183,0.1989,10441,100,5,202.45,116.5643,25,17,0.0486,0.046,0.0621,0.0506,0.0606,0.0493,0.062,0.0505,0.5183,0.1989,50,0.0393,0.0307,0.0357,0.0274,0.0352,0.0273,0.0357,0.0274,0.5683,0.201,17,3,0.0569,0.0169,0.0532,0.007,0.0527,0.0145,0.0526,0.0079,0.3059,0.1945,1,25,0.0666,0.0,0.0621,0.0,0.0611,0.0,0.0619,0.0,0.1288,0.0,0.5976,0.5183,1,25,0.057,0.0,0.0357,0.0,0.0351,0.0,0.0356,0.0,0.0864,0.0,0.6072,0.5683,0.0351,0.0112,0.0617,0.0111,0.1017,0.0344,25,"{'DyckLanguage': 0.13321568627450978, 'LSAT': 0.19835396197524566, 'GSM8K-Classic': 0.05705882352941177}",0.1295,0.0577,25,"{'DyckLanguage': 6, 'LSAT': 6, 'GSM8K-Classic': 13}",17,0.0486,0.046,0.0621,0.0506,0.0606,0.0493,0.062,0.0505,0.5183,0.1989,-0.0205,0.0545,0.0484,0.0543
CivilComments,3,LSAT_GSM8K-Classic_BabiQA,5,8480,25,1,8480,25,125,12401,125,5,175.83,190.9555,25,17,0.0736,0.0801,0.0963,0.1324,0.0877,0.1037,0.0963,0.1321,0.5183,0.1989,50,0.0527,0.0455,0.0817,0.0647,0.0677,0.0526,0.0816,0.0645,0.5683,0.201,17,4,0.0568,0.0147,0.3238,0.174,0.1491,0.0689,0.3208,0.1744,0.3374,0.177,1,25,0.0923,0.0,0.0963,0.0,0.0933,0.0,0.0962,0.0,0.1121,0.0,0.5106,0.5183,1,25,0.066,0.0,0.0817,0.0,0.079,0.0,0.0816,0.0,0.1097,0.0,0.5776,0.5683,0.2419,0.1333,0.0628,0.0185,0.1869,0.0837,25,"{'DyckLanguage': 0.2155686274509804, 'LSAT': 0.20347922249159967, 'GSM8K-Classic': 0.09576470588235296, 'BabiQA': 0.14551435958998984}",0.1651,0.048,25,"{'DyckLanguage': 3, 'LSAT': 3, 'GSM8K-Classic': 6, 'BabiQA': 13}",17,0.0736,0.0801,0.0963,0.1324,0.0877,0.1037,0.0963,0.1321,0.5183,0.1989,12401,125,5,214.01,190.9555,25,17,0.0437,0.0337,0.0508,0.0572,0.0491,0.0513,0.0508,0.057,0.5183,0.1989,50,0.0394,0.0284,0.0311,0.0242,0.0303,0.0225,0.0311,0.0242,0.5683,0.201,17,4,0.0568,0.0147,0.0516,0.0086,0.0492,0.0124,0.0508,0.0085,0.3374,0.177,1,25,0.0923,0.0,0.0508,0.0,0.05,0.0,0.0507,0.0,0.1121,0.0,0.5106,0.5183,1,25,0.066,0.0,0.0311,0.0,0.0302,0.0,0.031,0.0,0.1097,0.0,0.5776,0.5683,0.035,0.0075,0.0628,0.0185,0.1869,0.0837,25,"{'DyckLanguage': 0.21556862745098038, 'LSAT': 0.20347922249159967, 'GSM8K-Classic': 0.09576470588235293, 'BabiQA': 0.14551435958998984}",0.1651,0.048,25,"{'DyckLanguage': 3, 'LSAT': 3, 'GSM8K-Classic': 6, 'BabiQA': 13}",17,0.0437,0.0337,0.0508,0.0572,0.0491,0.0513,0.0508,0.057,0.5183,0.1989,0.0299,0.0455,0.0386,0.0455
CivilComments,4,LSAT_GSM8K-Classic_BabiQA_MS MARCO,6,8480,25,1,8480,25,150,13433,150,5,193.63,276.3779,25,17,0.0504,0.0447,0.1339,0.0924,0.0623,0.0503,0.1334,0.0921,0.5183,0.1989,50,0.0444,0.0383,0.102,0.0787,0.0592,0.0402,0.1018,0.0785,0.5683,0.201,17,5,0.0569,0.0131,0.0994,0.0181,0.061,0.0045,0.0991,0.0171,0.3228,0.161,1,25,0.0411,0.0,0.1339,0.0,0.114,0.0,0.1335,0.0,0.0559,0.0,0.5388,0.5183,1,25,0.0597,0.0,0.102,0.0,0.0839,0.0,0.1016,0.0,0.058,0.0,0.5616,0.5683,0.0683,0.0176,0.0637,0.0121,0.1776,0.0641,25,"{'DyckLanguage': 0.2624705882352941, 'LSAT': 0.2410999106801072, 'GSM8K-Classic': 0.09376470588235294, 'BabiQA': 0.13406362545018008, 'MS MARCO': 0.1175137626302178}",0.1698,0.0685,25,"{'DyckLanguage': 3, 'LSAT': 2, 'GSM8K-Classic': 5, 'BabiQA': 10, 'MS MARCO': 5}",17,0.0504,0.0447,0.1339,0.0924,0.0623,0.0503,0.1334,0.0921,0.5183,0.1989,13433,150,5,217.2,276.3779,25,17,0.0542,0.0599,0.071,0.0552,0.0654,0.0506,0.071,0.0551,0.5183,0.1989,50,0.054,0.0428,0.0363,0.0313,0.038,0.0311,0.0363,0.0313,0.5683,0.201,17,5,0.0569,0.0131,0.0643,0.0156,0.0505,0.0142,0.063,0.0157,0.3228,0.161,1,25,0.0411,0.0,0.071,0.0,0.0665,0.0,0.0708,0.0,0.0559,0.0,0.5388,0.5183,1,25,0.0597,0.0,0.0363,0.0,0.0348,0.0,0.0362,0.0,0.058,0.0,0.5616,0.5683,0.0475,0.0105,0.0637,0.0121,0.1776,0.0641,25,"{'DyckLanguage': 0.2624705882352942, 'LSAT': 0.2410999106801072, 'GSM8K-Classic': 0.09376470588235293, 'BabiQA': 0.13406362545018005, 'MS MARCO': 0.11751376263021783}",0.1698,0.0685,25,"{'DyckLanguage': 3, 'LSAT': 2, 'GSM8K-Classic': 5, 'BabiQA': 10, 'MS MARCO': 5}",17,0.0542,0.0599,0.071,0.0552,0.0654,0.0506,0.071,0.0551,0.5183,0.1989,-0.0037,0.0628,-0.0032,0.0625
CivilComments,5,LSAT_GSM8K-Classic_BabiQA_MS MARCO_BBQ,7,8480,25,1,8480,25,175,14433,175,5,211.25,372.6586,25,17,0.0431,0.047,0.1842,0.114,0.0882,0.0666,0.1835,0.1137,0.5183,0.1989,50,0.045,0.0362,0.1375,0.13,0.0787,0.07,0.1371,0.1296,0.5683,0.201,17,6,0.0551,0.0127,0.1976,0.0595,0.0692,0.02,0.194,0.0549,0.3439,0.1543,1,25,0.0765,0.0,0.1842,0.0,0.1603,0.0,0.1836,0.0,0.0823,0.0,0.4965,0.5183,1,25,0.0675,0.0,0.1375,0.0,0.1201,0.0,0.1371,0.0,0.0823,0.0,0.5528,0.5683,0.1251,0.0524,0.0731,0.0117,0.1542,0.0405,25,"{'DyckLanguage': 0.21305882352941174, 'LSAT': 0.26483348219982134, 'GSM8K-Classic': 0.06952941176470588, 'BabiQA': 0.19615846338535414, 'MS MARCO': 0.10609066858671339, 'BBQ': 0.12457142857142856}",0.1624,0.0676,25,"{'DyckLanguage': 2, 'LSAT': 2, 'GSM8K-Classic': 4, 'BabiQA': 8, 'MS MARCO': 5, 'BBQ': 4}",17,0.0431,0.047,0.1842,0.114,0.0882,0.0666,0.1835,0.1137,0.5183,0.1989,14433,175,5,221.31,372.6586,25,17,0.0497,0.041,0.0561,0.0749,0.0496,0.0474,0.056,0.0747,0.5183,0.1989,50,0.0506,0.0535,0.0426,0.0468,0.0412,0.0478,0.0426,0.0468,0.5683,0.201,17,6,0.0551,0.0127,0.0681,0.0181,0.0483,0.0139,0.0665,0.0167,0.3439,0.1543,1,25,0.0765,0.0,0.0561,0.0,0.0508,0.0,0.0559,0.0,0.0823,0.0,0.4965,0.5183,1,25,0.0675,0.0,0.0426,0.0,0.0388,0.0,0.0424,0.0,0.0823,0.0,0.5528,0.5683,0.0556,0.011,0.0731,0.0117,0.1542,0.0405,25,"{'DyckLanguage': 0.21305882352941177, 'LSAT': 0.26483348219982134, 'GSM8K-Classic': 0.06952941176470588, 'BabiQA': 0.19615846338535417, 'MS MARCO': 0.1060906685867134, 'BBQ': 0.12457142857142858}",0.1624,0.0676,25,"{'DyckLanguage': 2, 'LSAT': 2, 'GSM8K-Classic': 4, 'BabiQA': 8, 'MS MARCO': 5, 'BBQ': 4}",17,0.0497,0.041,0.0561,0.0749,0.0496,0.0474,0.056,0.0747,0.5183,0.1989,-0.0065,0.128,0.0385,0.1275
CivilComments,6,LSAT_GSM8K-Classic_BabiQA_MS MARCO_BBQ_IMDB,8,8480,25,1,8480,25,200,16131,200,5,242.95,484.4365,25,17,0.0499,0.0472,0.1456,0.1556,0.0783,0.0745,0.1453,0.1552,0.5183,0.1989,50,0.0472,0.0399,0.1167,0.086,0.0612,0.0442,0.1164,0.0859,0.5683,0.201,17,7,0.0802,0.0626,0.3327,0.1394,0.1454,0.0837,0.3291,0.1372,0.427,0.2487,1,25,0.0755,0.0,0.1456,0.0,0.1242,0.0,0.1451,0.0,0.101,0.0,0.4706,0.5183,1,25,0.0606,0.0,0.1167,0.0,0.1013,0.0,0.1164,0.0,0.0978,0.0,0.544,0.5683,0.236,0.1246,0.0548,0.016,0.1507,0.0558,25,"{'DyckLanguage': 0.234, 'LSAT': 0.22042873548551745, 'GSM8K-Classic': 0.12309803921568628, 'BabiQA': 0.19862945178071226, 'MS MARCO': 0.1455358305314524, 'BBQ': 0.21461904761904757, 'IMDB': 0.07382069760496232}",0.1729,0.0553,25,"{'DyckLanguage': 2, 'LSAT': 2, 'GSM8K-Classic': 3, 'BabiQA': 6, 'MS MARCO': 3, 'BBQ': 3, 'IMDB': 6}",17,0.0499,0.0472,0.1456,0.1556,0.0783,0.0745,0.1453,0.1552,0.5183,0.1989,16131,200,5,244.68,484.4365,25,17,0.0499,0.0421,0.0691,0.0924,0.0551,0.0521,0.069,0.0921,0.5183,0.1989,50,0.0413,0.0381,0.0339,0.0294,0.0302,0.0324,0.0338,0.0294,0.5683,0.201,17,7,0.0802,0.0626,0.0897,0.0495,0.0736,0.0597,0.0879,0.0492,0.427,0.2487,1,25,0.0755,0.0,0.0691,0.0,0.064,0.0,0.0689,0.0,0.101,0.0,0.4706,0.5183,1,25,0.0606,0.0,0.0339,0.0,0.0308,0.0,0.0338,0.0,0.0978,0.0,0.544,0.5683,0.0743,0.0545,0.0548,0.016,0.1507,0.0558,25,"{'DyckLanguage': 0.234, 'LSAT': 0.22042873548551742, 'GSM8K-Classic': 0.12309803921568628, 'BabiQA': 0.19862945178071229, 'MS MARCO': 0.1455358305314524, 'BBQ': 0.21461904761904757, 'IMDB': 0.07382069760496231}",0.1729,0.0553,25,"{'DyckLanguage': 2, 'LSAT': 2, 'GSM8K-Classic': 3, 'BabiQA': 6, 'MS MARCO': 3, 'BBQ': 3, 'IMDB': 6}",17,0.0499,0.0421,0.0691,0.0924,0.0551,0.0521,0.069,0.0921,0.5183,0.1989,-0.0,0.0765,0.0232,0.0763
CivilComments,7,LSAT_GSM8K-Classic_BabiQA_MS MARCO_BBQ_IMDB_QuAC,9,8480,25,1,8480,25,225,17131,225,5,267.67,611.6064,25,17,0.0665,0.0551,0.1066,0.063,0.079,0.0542,0.1063,0.0628,0.5183,0.1989,50,0.0562,0.0507,0.1492,0.0725,0.1135,0.0528,0.1488,0.0723,0.5683,0.201,17,8,0.077,0.0592,0.3429,0.1651,0.1255,0.0967,0.3399,0.1639,0.4209,0.2332,1,25,0.0561,0.0,0.1066,0.0,0.1011,0.0,0.1061,0.0,0.0716,0.0,0.5765,0.5183,1,25,0.0584,0.0,0.1492,0.0,0.1422,0.0,0.1487,0.0,0.0772,0.0,0.6136,0.5683,0.2358,0.1437,0.0645,0.0198,0.1963,0.0986,25,"{'DyckLanguage': 0.39917647058823524, 'LSAT': 0.43728467525838965, 'GSM8K-Classic': 0.1215294117647059, 'BabiQA': 0.09474789915966386, 'MS MARCO': 0.11920086580482102, 'BBQ': 0.1110952380952381, 'IMDB': 0.11632420317536496, 'QuAC': 0.2329879546186827}",0.204,0.1302,25,"{'DyckLanguage': 1, 'LSAT': 1, 'GSM8K-Classic': 3, 'BabiQA': 6, 'MS MARCO': 3, 'BBQ': 3, 'IMDB': 5, 'QuAC': 3}",17,0.0665,0.0551,0.1066,0.063,0.079,0.0542,0.1063,0.0628,0.5183,0.1989,17131,225,5,253.04,611.6064,25,17,0.0625,0.0504,0.0622,0.0934,0.0597,0.079,0.0621,0.0932,0.5183,0.1989,50,0.0516,0.0506,0.0393,0.0354,0.0376,0.0355,0.0393,0.0354,0.5683,0.201,17,8,0.077,0.0592,0.0963,0.0773,0.0731,0.0667,0.0944,0.0765,0.4209,0.2332,1,25,0.0561,0.0,0.0622,0.0,0.0597,0.0,0.0619,0.0,0.0716,0.0,0.5765,0.5183,1,25,0.0584,0.0,0.0393,0.0,0.038,0.0,0.0392,0.0,0.0772,0.0,0.6136,0.5683,0.0773,0.07,0.0645,0.0198,0.1963,0.0986,25,"{'DyckLanguage': 0.39917647058823524, 'LSAT': 0.43728467525838965, 'GSM8K-Classic': 0.12152941176470587, 'BabiQA': 0.09474789915966386, 'MS MARCO': 0.11920086580482098, 'BBQ': 0.11109523809523811, 'IMDB': 0.11632420317536496, 'QuAC': 0.2329879546186827}",0.204,0.1302,25,"{'DyckLanguage': 1, 'LSAT': 1, 'GSM8K-Classic': 3, 'BabiQA': 6, 'MS MARCO': 3, 'BBQ': 3, 'IMDB': 5, 'QuAC': 3}",17,0.0625,0.0504,0.0622,0.0934,0.0597,0.079,0.0621,0.0932,0.5183,0.1989,0.0041,0.0443,0.0193,0.0441
CivilComments,8,LSAT_GSM8K-Classic_BabiQA_MS MARCO_BBQ_IMDB_QuAC_NaturalQA-Classic,10,8480,25,1,8480,25,250,18131,250,5,291.18,754.9249,25,17,0.0391,0.0432,0.0845,0.0654,0.0651,0.0488,0.0843,0.0653,0.5183,0.1989,50,0.0385,0.0305,0.1324,0.0789,0.0967,0.0579,0.1321,0.0787,0.5683,0.201,17,9,0.0734,0.0567,0.316,0.1595,0.135,0.1224,0.3131,0.1575,0.4019,0.2263,1,25,0.059,0.0,0.0845,0.0,0.0806,0.0,0.0842,0.0,0.0688,0.0,0.5647,0.5183,1,25,0.0906,0.0,0.1324,0.0,0.1258,0.0,0.132,0.0,0.0717,0.0,0.6296,0.5683,0.2339,0.1599,0.0591,0.0137,0.1718,0.0924,25,"{'DyckLanguage': 0.46176470588235297, 'LSAT': 0.3434987878014546, 'GSM8K-Classic': 0.23098039215686272, 'BabiQA': 0.23064225690276108, 'MS MARCO': 0.1527377585338033, 'BBQ': 0.10909523809523806, 'IMDB': 0.11042826401212195, 'QuAC': 0.16118131605068367, 'NaturalQA-Classic': 0.19493302026463669}",0.2217,0.1089,25,"{'DyckLanguage': 1, 'LSAT': 1, 'GSM8K-Classic': 3, 'BabiQA': 5, 'MS MARCO': 3, 'BBQ': 3, 'IMDB': 4, 'QuAC': 3, 'NaturalQA-Classic': 2}",17,0.0391,0.0432,0.0845,0.0654,0.0651,0.0488,0.0843,0.0653,0.5183,0.1989,18131,250,5,281.62,754.9249,25,17,0.0491,0.0533,0.0735,0.0964,0.0527,0.0508,0.0733,0.0962,0.5183,0.1989,50,0.0594,0.0479,0.0452,0.0328,0.0471,0.0395,0.0452,0.0328,0.5683,0.201,17,9,0.0734,0.0567,0.0892,0.0773,0.0703,0.0684,0.0873,0.0764,0.4019,0.2263,1,25,0.059,0.0,0.0735,0.0,0.0623,0.0,0.0732,0.0,0.0688,0.0,0.5647,0.5183,1,25,0.0906,0.0,0.0452,0.0,0.0389,0.0,0.0451,0.0,0.0717,0.0,0.6296,0.5683,0.0766,0.0785,0.0591,0.0137,0.1718,0.0924,25,"{'DyckLanguage': 0.46176470588235297, 'LSAT': 0.34349878780145465, 'GSM8K-Classic': 0.23098039215686272, 'BabiQA': 0.23064225690276108, 'MS MARCO': 0.1527377585338033, 'BBQ': 0.10909523809523809, 'IMDB': 0.11042826401212194, 'QuAC': 0.16118131605068367, 'NaturalQA-Classic': 0.19493302026463669}",0.2217,0.1089,25,"{'DyckLanguage': 1, 'LSAT': 1, 'GSM8K-Classic': 3, 'BabiQA': 5, 'MS MARCO': 3, 'BBQ': 3, 'IMDB': 4, 'QuAC': 3, 'NaturalQA-Classic': 2}",17,0.0491,0.0533,0.0735,0.0964,0.0527,0.0508,0.0733,0.0962,0.5183,0.1989,-0.01,0.011,0.0124,0.0109
CivilComments,9,LSAT_GSM8K-Classic_BabiQA_MS MARCO_BBQ_IMDB_QuAC_NaturalQA-Classic_TruthfulQA-Classic,11,8480,25,1,8480,25,275,18785,275,5,316.61,914.0151,25,17,0.0586,0.0543,0.1537,0.1165,0.0815,0.0666,0.1534,0.1162,0.5183,0.1989,50,0.0418,0.0397,0.1269,0.0887,0.0619,0.0401,0.1266,0.0885,0.5683,0.201,17,10,0.0717,0.054,0.1992,0.0913,0.0889,0.0724,0.1966,0.092,0.3896,0.2179,1,25,0.0654,0.0,0.1537,0.0,0.1404,0.0,0.1532,0.0,0.0923,0.0,0.5271,0.5183,1,25,0.0555,0.0,0.1269,0.0,0.1138,0.0,0.1265,0.0,0.0873,0.0,0.5696,0.5683,0.1528,0.0874,0.0589,0.0236,0.2004,0.0677,25,"{'DyckLanguage': 0.39211764705882357, 'LSAT': 0.31632002041597546, 'GSM8K-Classic': 0.11764705882352938, 'BabiQA': 0.21635654261704682, 'MS MARCO': 0.14400768372933512, 'BBQ': 0.32928571428571424, 'IMDB': 0.1404282124074422, 'QuAC': 0.312962628312481, 'NaturalQA-Classic': 0.12863916329106456, 'TruthfulQA-Classic': 0.303921568627451}",0.2402,0.0966,25,"{'DyckLanguage': 1, 'LSAT': 1, 'GSM8K-Classic': 3, 'BabiQA': 5, 'MS MARCO': 3, 'BBQ': 2, 'IMDB': 4, 'QuAC': 2, 'NaturalQA-Classic': 2, 'TruthfulQA-Classic': 2}",17,0.0586,0.0543,0.1537,0.1165,0.0815,0.0666,0.1534,0.1162,0.5183,0.1989,18785,275,5,291.66,914.0151,25,17,0.0509,0.049,0.2886,0.0742,0.1246,0.0618,0.2878,0.0741,0.5183,0.1989,50,0.0471,0.0443,0.2266,0.0803,0.1008,0.057,0.2259,0.0802,0.5683,0.201,17,10,0.0717,0.054,0.2454,0.1804,0.109,0.1132,0.2399,0.1783,0.3896,0.2179,1,25,0.0654,0.0,0.2886,0.0,0.2618,0.0,0.2879,0.0,0.0923,0.0,0.5271,0.5183,1,25,0.0555,0.0,0.2266,0.0,0.2006,0.0,0.2259,0.0,0.0873,0.0,0.5696,0.5683,0.1911,0.1691,0.0589,0.0236,0.2004,0.0677,25,"{'DyckLanguage': 0.39211764705882357, 'LSAT': 0.3163200204159755, 'GSM8K-Classic': 0.1176470588235294, 'BabiQA': 0.21635654261704684, 'MS MARCO': 0.1440076837293351, 'BBQ': 0.3292857142857143, 'IMDB': 0.1404282124074422, 'QuAC': 0.312962628312481, 'NaturalQA-Classic': 0.12863916329106453, 'TruthfulQA-Classic': 0.30392156862745096}",0.2402,0.0966,25,"{'DyckLanguage': 1, 'LSAT': 1, 'GSM8K-Classic': 3, 'BabiQA': 5, 'MS MARCO': 3, 'BBQ': 2, 'IMDB': 4, 'QuAC': 2, 'NaturalQA-Classic': 2, 'TruthfulQA-Classic': 2}",17,0.0509,0.049,0.2886,0.0742,0.1246,0.0618,0.2878,0.0741,0.5183,0.1989,0.0077,-0.1349,-0.0431,-0.1344
CivilComments,10,LSAT_GSM8K-Classic_BabiQA_MS MARCO_BBQ_IMDB_QuAC_NaturalQA-Classic_TruthfulQA-Classic_SRN,12,8480,25,1,8480,25,300,19785,300,5,324.81,1092.7664,25,17,0.0751,0.0706,0.2147,0.0972,0.0725,0.0531,0.214,0.097,0.5183,0.1989,50,0.046,0.0417,0.2156,0.1349,0.0766,0.0485,0.215,0.1347,0.5683,0.201,17,11,0.07,0.0518,0.2487,0.1628,0.0968,0.1004,0.2462,0.1614,0.3766,0.2117,1,25,0.0821,0.0,0.2147,0.0,0.1727,0.0,0.2137,0.0,0.0579,0.0,0.5176,0.5183,1,25,0.0716,0.0,0.2156,0.0,0.1794,0.0,0.2147,0.0,0.0649,0.0,0.5432,0.5683,0.1812,0.151,0.0585,0.0151,0.2164,0.1052,25,"{'DyckLanguage': 0.4885882352941176, 'LSAT': 0.24052571136914636, 'GSM8K-Classic': 0.12894117647058823, 'BabiQA': 0.18736494597839137, 'MS MARCO': 0.13183174001528483, 'BBQ': 0.17342857142857146, 'IMDB': 0.2259656138666935, 'QuAC': 0.20232975547570042, 'NaturalQA-Classic': 0.24981472876262825, 'TruthfulQA-Classic': 0.3031120705162799, 'SRN': 0.2084509803921569}",0.2309,0.0948,25,"{'DyckLanguage': 1, 'LSAT': 1, 'GSM8K-Classic': 2, 'BabiQA': 5, 'MS MARCO': 2, 'BBQ': 2, 'IMDB': 4, 'QuAC': 2, 'NaturalQA-Classic': 2, 'TruthfulQA-Classic': 2, 'SRN': 2}",17,0.0751,0.0706,0.2147,0.0972,0.0725,0.0531,0.214,0.097,0.5183,0.1989,19785,300,5,292.15,1092.7664,25,17,0.0855,0.083,0.2312,0.0868,0.1222,0.0644,0.2305,0.0867,0.5183,0.1989,50,0.0402,0.0349,0.1998,0.0744,0.1049,0.0504,0.1993,0.0743,0.5683,0.201,17,11,0.07,0.0518,0.2323,0.171,0.096,0.1016,0.2269,0.1688,0.3766,0.2117,1,25,0.0821,0.0,0.2312,0.0,0.21,0.0,0.2303,0.0,0.0579,0.0,0.5176,0.5183,1,25,0.0716,0.0,0.1998,0.0,0.1835,0.0,0.1991,0.0,0.0649,0.0,0.5432,0.5683,0.167,0.1595,0.0585,0.0151,0.2164,0.1052,25,"{'DyckLanguage': 0.4885882352941176, 'LSAT': 0.24052571136914633, 'GSM8K-Classic': 0.12894117647058825, 'BabiQA': 0.1873649459783914, 'MS MARCO': 0.13183174001528483, 'BBQ': 0.17342857142857143, 'IMDB': 0.2259656138666935, 'QuAC': 0.2023297554757004, 'NaturalQA-Classic': 0.24981472876262825, 'TruthfulQA-Classic': 0.30311207051628, 'SRN': 0.20845098039215687}",0.2309,0.0948,25,"{'DyckLanguage': 1, 'LSAT': 1, 'GSM8K-Classic': 2, 'BabiQA': 5, 'MS MARCO': 2, 'BBQ': 2, 'IMDB': 4, 'QuAC': 2, 'NaturalQA-Classic': 2, 'TruthfulQA-Classic': 2, 'SRN': 2}",17,0.0855,0.083,0.2312,0.0868,0.1222,0.0644,0.2305,0.0867,0.5183,0.1989,-0.0104,-0.0166,-0.0497,-0.0165
